<?xml version="1.0"?>
<!DOCTYPE assetlist>
	<!-- Unless specifically mentioned, all assets created by Areldir -->
	<assetlist name="Circus">
		<!-- Note: Circus 0% construction phase -->
		<image id="Circus NESW 01" src="Circus_NE-SW_0%_Construction_Back_Part"/>
		<image id="Circus NWSE 01" src="Circus_NW-SE_0%_Construction_Back_Part"/>
		<image id="Circus NESW 02" src="Circus_NE-SW_0%_Construction_Middle_Part"/>
		<image id="Circus NWSE 02" src="Circus_NW-SE_0%_Construction_Middle_Part"/>
		<image id="Circus NESW 03" src="Circus_NE-SW_0%_Construction_Front_Part"/>
		<image id="Circus NWSE 03" src="Circus_NW-SE_0%_Construction_Front_Part"/>
		<!-- Note: Circus 25% construction phase -->
		<image id="Circus NESW 13" width="298" height="156">
			<layer group="213" image="0" part="footprint" x="0" y="-79"/>
			<layer src="Circus_NE-SW_25%_Construction_Back_Part"/>
		</image>
		<image id="Circus NWSE 13" width="298" height="155">
			<layer group="214" image="0" part="footprint" x="0" y="-79"/>
			<layer src="Circus_NW-SE_25%_Construction_Back_Part"/>
		</image>
		<image id="Circus NESW 12" width="298" height="150">
			<layer group="213" image="2" part="footprint" x="0" y="-31"/>
			<layer src="Circus_NE-SW_25%_Construction_Middle_Part"/>
		</image>
		<image id="Circus NWSE 12" width="298" height="150">
			<layer group="214" image="2" part="footprint" x="0" y="-31"/>
			<layer src="Circus_NW-SE_25%_Construction_Middle_Part"/>
		</image>
		<image id="Circus NESW 11" width="298" height="150">
			<layer group="213" image="4" part="footprint" x="0" y="-31"/>
			<layer src="Circus_NE-SW_25%_Construction_Front_Part"/>
		</image>
		<image id="Circus NWSE 11" width="298" height="150">
			<layer group="214" image="4" part="footprint" x="0" y="-32"/>
			<layer src="Circus_NW-SE_25%_Construction_Front_Part"/>
		</image>
		<!-- Note: Circus 50% construction phase  -->
		<image id="Circus NESW 23" width="298" height="179">
			<layer group="213" image="0" part="footprint" x="0" y="-56"/>
			<layer src="Circus_NE-SW_50%_Construction_Back_Part"/>
		</image>
		<image id="Circus NWSE 23" width="298" height="178">
			<layer group="214" image="0" part="footprint" x="0" y="-56"/>
			<layer src="Circus_NW-SE_50%_Construction_Back_Part"/>
		</image>
		<image id="Circus NESW 22" width="298" height="164">
			<layer group="213" image="2" part="footprint" x="0" y="-17"/>
			<layer src="Circus_NE-SW_50%_Construction_Middle_Part"/>
		</image>
		<image id="Circus NWSE 22" width="298" height="164">
			<layer group="214" image="2" part="footprint" x="0" y="-17"/>
			<layer src="Circus_NW-SE_50%_Construction_Middle_Part"/>
		</image>
		<image id="Circus NESW 21" width="298" height="165">
			<layer group="213" image="4" part="footprint" x="0" y="-16"/>
			<layer src="Circus_NE-SW_50%_Construction_Front_Part"/>
		</image>
		<image id="Circus NWSE 21" width="298" height="165">
			<layer group="214" image="4" part="footprint" x="0" y="-17"/>
			<layer src="Circus_NW-SE_50%_Construction_Front_Part"/>
		</image>
		<!-- Note: Circus 75% construction phase for NE-SW Orientation -->
		<image id="Circus NESW 33" width="298" height="210">
			<layer group="213" image="0" part="footprint" x="0" y="-25"/>
			<layer src="Circus_NE-SW_75%_Construction_Back_Part"/>
		</image>
		<image id="Circus NWSE 33" width="298" height="208">
			<layer group="214" image="0" part="footprint" x="0" y="-26"/>
			<layer src="Circus_NW-SE_75%_Construction_Back_Part"/>
		</image>
		<image id="Circus NESW 32" width="298" height="179">
			<layer group="213" image="2" part="footprint" x="0" y="-2"/>
			<layer src="Circus_NE-SW_75%_Construction_Middle_Part"/>
		</image>
		<image id="Circus NWSE 32" width="298" height="181">
			<layer group="214" image="2" part="footprint" x="0" y="0"/>
			<layer src="Circus_NW-SE_75%_Construction_Middle_Part"/>
		</image>
		<image id="Circus NESW 31" width="298" height="181">
			<layer group="213" image="4" part="footprint" x="0" y="0"/>
			<layer src="Circus_NE-SW_75%_Construction_Front_Part"/>
		</image>
		<image id="Circus NWSE 31" width="298" height="181">
			<layer group="214" image="4" part="footprint" x="0" y="-1"/>
			<layer src="Circus_NW-SE_75%_Construction_Front_Part"/>
		</image>
		<!-- Note: Circus 100% construction phase for NE-SW Orientation Front, middle and back respectively -->
		<image id="Circus NESW 41">
			<layer group="213" image="0" x="0" y="0"/>
		</image>
		<image id="Circus NWSE 41">
			<layer group="214" image="0" x="0" y="0"/>
		</image>
		<image id="Circus NESW 42">
			<layer group="213" image="2" x="0" y="0"/>
		</image>
		<image id="Circus NWSE 42">
			<layer group="214" image="2" x="0" y="0"/>
		</image>
		<image id="Circus NESW 43">
			<layer group="213" image="4" x="0" y="0"/>
		</image>
		<image id="Circus NWSE 43">
			<layer group="214" image="4" x="0" y="0"/>
		</image>
	</assetlist>
	