<?xml version="1.0"?>
<!DOCTYPE assetlist>
<!-- Unless specifically mentioned, all assets created by Areldir -->
<assetlist name="Entertainment">
	<!-- Note: Construction base reference asset (DO NOT USE!) -->
	<image id="Cons_Base_5x5" src="Construction_Base_5x5" isometric="true"/>
	<!-- Note: Colosseum 0%, 25%, 50% and 75% construction phases respectively -->
	<image id="Coloseum Cons 01" width="298" height="160" isometric="true">
		<layer group="this" image="Cons_Base_5x5" x="0" y="10"/>
		<layer src="Colosseum_Construction_Phase_01" x="0" y="0"/>
	</image>
	<image id="Coloseum Cons 02" width="298" height="154" isometric="true">
		<layer group="48" image="0" part="footprint" x="0" y="-59"/>
		<layer src="Colosseum_Construction_Phase_02" x="0" y="0"/>
	</image>
	<image id="Coloseum Cons 03" width="298" height="173" isometric="true">
		<layer group="48" image="0" part="footprint" x="0" y="-40"/>
		<layer src="Colosseum_Construction_Phase_03" x="0" y="0"/>
	</image>
	<image id="Coloseum Cons 04" width="298" height="186" isometric="true">
		<layer group="48" image="0" part="footprint" x="0" y="-27"/>
		<layer src="Colosseum_Construction_Phase_04" x="0" y="0"/>
	</image>
	<!-- Note: Colosseum ON state -->
	<image id="Coloseum ON" width="298" height="213" isometric="true">
		<layer group="48" y="0"/>
		<layer group="48" image="14" x="70" y="33"/>
		<layer src="Colosseum_ON_Overlay" x="70" y="33"/>
	</image>
	<!-- Note: Colosseum Gladiator Fight animations (Fixed vanilla ON state) -->
	<image id="Col Glad Fight" width="298" height="213" isometric="true">
		<layer group="this" image="Coloseum ON"/>
		<animation speed="5" x="122" y="57" reversible="false">
			<frame group="48" image="1"/>
			<frame group="48" image="2"/>
			<frame group="48" image="3"/>
			<frame group="48" image="4"/>
			<frame group="48" image="5"/>
			<frame group="48" image="6"/>
			<frame group="48" image="7"/>
			<frame group="48" image="8"/>
			<frame group="48" image="9"/>
			<frame group="48" image="10"/>
			<frame group="48" image="11"/>
			<frame group="48" image="12"/>
			<frame group="48" image="13"/>
		</animation>
	</image>
	<!-- Note: Colosseum 'Naumachia' games animations -->
	<image id="Col Naumachia" width="298" height="213" isometric="true">
		<layer group="this" image="Coloseum ON"/>
		<animation speed="9" x="100" y="58" reversible="false">
			<frame src="Naumachia_01"/>
			<frame src="Naumachia_02"/>
			<frame src="Naumachia_03"/>
			<frame src="Naumachia_04"/>
			<frame src="Naumachia_05"/>
			<frame src="Naumachia_06"/>
			<frame src="Naumachia_07"/>
			<frame src="Naumachia_08"/>
			<frame src="Naumachia_09"/>
			<frame src="Naumachia_10"/>
			<frame src="Naumachia_11"/>
			<frame src="Naumachia_12"/>
		</animation>
	</image>
	<!-- Note: Colosseum 'Imperial Games' animation frames: DO NOT USE!  -->
	<image id="Imperial_Games_01" width="110" height="67">
		<layer src="Imperial_Games_Base" x="0" y="0"/>
		<layer src="Imperial_Games_01" x="38" y="38"/>
	</image>
	<image id="Imperial_Games_02" width="110" height="67">
		<layer src="Imperial_Games_Base" x="0" y="0"/>
		<layer src="Imperial_Games_02" x="38" y="38"/>
	</image>
	<image id="Imperial_Games_03" width="110" height="67">
		<layer src="Imperial_Games_Base" x="0" y="0"/>
		<layer src="Imperial_Games_03" x="38" y="38"/>
	</image>
	<image id="Imperial_Games_04" width="110" height="67">
		<layer src="Imperial_Games_Base" x="0" y="0"/>
		<layer src="Imperial_Games_04" x="38" y="38"/>
	</image>
	<image id="Imperial_Games_05" width="110" height="67">
		<layer src="Imperial_Games_Base" x="0" y="0"/>
		<layer src="Imperial_Games_05" x="38" y="38"/>
	</image>
	<image id="Imperial_Games_06" width="110" height="67">
		<layer src="Imperial_Games_Base" x="0" y="0"/>
		<layer src="Imperial_Games_06" x="38" y="38"/>
	</image>
	<!-- Note: Colosseum 'Imperial Games' animations -->
	<image id="Col Imp Games" width="298" height="213" isometric="true">
		<layer group="this" image="Coloseum ON"/>
		<animation speed="9" x="90" y="34" reversible="false">
			<frame group="this" image="Imperial_Games_01"/>
			<frame group="this" image="Imperial_Games_02"/>
			<frame group="this" image="Imperial_Games_03"/>
			<frame group="this" image="Imperial_Games_04"/>
			<frame group="this" image="Imperial_Games_05"/>
			<frame group="this" image="Imperial_Games_06"/>
		</animation>
	</image>
	<!-- Note: Colosseum 'Executions' animation frames: DO NOT USE!  -->
	<image id="Executions_01" width="102" height="60">
		<layer src="Executions_Base" x="0" y="0"/>
		<layer src="Executions_01" x="19" y="16"/>
	</image>
	<image id="Executions_02" width="102" height="60">
		<layer src="Executions_Base" x="0" y="0"/>
		<layer src="Executions_02" x="19" y="16"/>
	</image>
	<image id="Executions_03" width="102" height="60">
		<layer src="Executions_Base" x="0" y="0"/>
		<layer src="Executions_03" x="19" y="16"/>
	</image>
	<image id="Executions_04" width="102" height="60">
		<layer src="Executions_Base" x="0" y="0"/>
		<layer src="Executions_04" x="19" y="16"/>
	</image>
	<image id="Executions_05" width="102" height="60">
		<layer src="Executions_Base" x="0" y="0"/>
		<layer src="Executions_05" x="19" y="16"/>
	</image>
	<image id="Executions_06" width="102" height="60">
		<layer src="Executions_Base" x="0" y="0"/>
		<layer src="Executions_06" x="19" y="16"/>
	</image>
	<!-- Note: Colosseum 'Executions' animations -->
	<image id="Col Exec" width="298" height="213" isometric="true">
		<layer group="this" image="Coloseum ON"/>
		<animation speed="9" x="100" y="43" reversible="false">
			<frame group="this" image="Executions_01"/>
			<frame group="this" image="Executions_02"/>
			<frame group="this" image="Executions_03"/>
			<frame group="this" image="Executions_04"/>
			<frame group="this" image="Executions_05"/>
			<frame group="this" image="Executions_06"/>
		</animation>
	</image>
	<!-- Note: Colosseum Overlays -->
	<image src="Colosseum_Fight_Overlay" id="Col Base Overlay"/>
	<image src="Naumachia_Overlay"/>
	<image src="Imperial_Games_Overlay"/>
	<image src="Executions_Overlay"/>
	<!-- Note: Circus 0% construction phase -->
	<image id="Circus NESW 01" width="298" height="159" isometric="true">
		<layer group="this" image="Cons_Base_5x5" x="0" y="9"/>
		<layer src="Circus_Construction_01_Back_Part" x="0" y="0"/>
	</image>
	<image id="Circus NWSE 01" width="298" height="159" isometric="true">
		<layer group="this" image="Cons_Base_5x5" x="0" y="9"/>
		<layer src="Circus_Construction_01_R_Back_Part" x="0" y="0"/>
	</image>
	<image id="Circus NESW 02" isometric="true">
		<layer group="this" image="Cons_Base_5x5" x="0" y="0"/>
		<layer src="Circus_Construction_01_Middle_Part" x="0" y="0"/>
	</image>
	<image id="Circus NWSE 02" isometric="true">
		<layer group="this" image="Cons_Base_5x5" x="0" y="0"/>
		<layer src="Circus_Construction_01_R_Middle_Part" x="0" y="0"/>
	</image>
	<image id="Circus NESW 03" isometric="true">
		<layer group="this" image="Cons_Base_5x5" x="0" y="0"/>
		<layer src="Circus_Construction_01_Front_Part" x="0" y="0"/>
	</image>
	<image id="Circus NWSE 03" isometric="true">
		<layer group="this" image="Cons_Base_5x5" x="0" y="0"/>
		<layer src="Circus_Construction_01_R_Front_Part" x="0" y="0"/>
	</image>
	<!-- Note: Circus 25% construction phase -->
	<image id="Circus NESW 13" width="298" height="156" isometric="true">
		<layer group="213" image="0" part="footprint" x="0" y="-79"/>
		<layer src="Circus_Construction_02_Back_Part"/>
	</image>
	<image id="Circus NWSE 13" width="298" height="155" isometric="true">
		<layer group="214" image="0" part="footprint" x="0" y="-79"/>
		<layer src="Circus_Construction_02_R_Back_Part"/>
	</image>
	<image id="Circus NESW 12" width="298" height="150" isometric="true">
		<layer group="213" image="2" part="footprint" x="0" y="-31"/>
		<layer src="Circus_Construction_02_Middle_Part"/>
	</image>
	<image id="Circus NWSE 12" width="298" height="150" isometric="true">
		<layer group="214" image="2" part="footprint" x="0" y="-31"/>
		<layer src="Circus_Construction_02_R_Middle_Part"/>
	</image>
	<image id="Circus NESW 11" width="298" height="150" isometric="true">
		<layer group="213" image="4" part="footprint" x="0" y="-31"/>
		<layer src="Circus_Construction_02_Front_Part"/>
	</image>
	<image id="Circus NWSE 11" width="298" height="150" isometric="true">
		<layer group="214" image="4" part="footprint" x="0" y="-32"/>
		<layer src="Circus_Construction_02_R_Front_Part"/>
	</image>
	<!-- Note: Circus 50% construction phase  -->
	<image id="Circus NESW 23" width="298" height="179" isometric="true">
		<layer group="213" image="0" part="footprint" x="0" y="-56"/>
		<layer src="Circus_Construction_03_Back_Part"/>
	</image>
	<image id="Circus NWSE 23" width="298" height="178" isometric="true">
		<layer group="214" image="0" part="footprint" x="0" y="-56"/>
		<layer src="Circus_Construction_03_R_Back_Part"/>
	</image>
	<image id="Circus NESW 22" width="298" height="164" isometric="true">
		<layer group="213" image="2" part="footprint" x="0" y="-17"/>
		<layer src="Circus_Construction_03_Middle_Part"/>
	</image>
	<image id="Circus NWSE 22" width="298" height="164" isometric="true">
		<layer group="214" image="2" part="footprint" x="0" y="-17"/>
		<layer src="Circus_Construction_03_R_Middle_Part"/>
	</image>
	<image id="Circus NESW 21" width="298" height="165" isometric="true">
		<layer group="213" image="4" part="footprint" x="0" y="-16"/>
		<layer src="Circus_Construction_03_Front_Part"/>
	</image>
	<image id="Circus NWSE 21" width="298" height="165" isometric="true">
		<layer group="214" image="4" part="footprint" x="0" y="-17"/>
		<layer src="Circus_Construction_03_R_Front_Part"/>
	</image>
	<!-- Note: Circus 75% construction phase for NE-SW Orientation -->
	<image id="Circus NESW 33" width="298" height="210" isometric="true">
		<layer group="213" image="0" part="footprint" x="0" y="-25"/>
		<layer src="Circus_Construction_04_Back_Part"/>
	</image>
	<image id="Circus NWSE 33" width="298" height="208" isometric="true">
		<layer group="214" image="0" part="footprint" x="0" y="-26"/>
		<layer src="Circus_Construction_04_R_Back_Part"/>
	</image>
	<image id="Circus NESW 32" width="298" height="181" isometric="true">
		<layer group="213" image="2" x="0" y="0"/>
		<layer src="Circus_Construction_04_Middle_Part" y="2"/>
	</image>
	<image id="Circus NWSE 32" width="298" height="181" isometric="true">
		<layer group="214" image="2" part="footprint" x="0" y="0"/>
		<layer src="Circus_Construction_04_R_Middle_Part"/>
	</image>
	<image id="Circus NESW 31" width="298" height="181" isometric="true">
		<layer group="213" image="4" part="footprint" x="0" y="0"/>
		<layer src="Circus_Construction_04_Front_Part"/>
	</image>
	<image id="Circus NWSE 31" width="298" height="181" isometric="true">
		<layer group="214" image="4" part="footprint" x="0" y="-1"/>
		<layer src="Circus_Construction_04_R_Front_Part"/>
	</image>
	<!-- Note: Circus 100% construction phase for NE-SW Orientation Front, middle and back respectively -->
	<image id="Circus NESW 41" isometric="true">
		<layer group="213" image="0" x="0" y="0"/>
	</image>
	<image id="Circus NWSE 41" isometric="true">
		<layer group="214" image="0" x="0" y="0"/>
	</image>
	<image id="Circus NESW 42" isometric="true">
		<layer group="213" image="2" x="0" y="0"/>
	</image>
	<image id="Circus NWSE 42" isometric="true">
		<layer group="214" image="2" x="0" y="0"/>
	</image>
	<image id="Circus NESW 43" isometric="true">
		<layer group="213" image="4" x="0" y="0"/>
	</image>
	<image id="Circus NWSE 43" isometric="true">
		<layer group="214" image="4" x="0" y="0"/>
	</image>
	<!-- Note: Arena Off Variant -->
	<image id="Arena OFF" src="Arena_Off" isometric="true"/>
	<!-- Note: Arena ON animation frames (DO NOT USE!) -->
	<image id="Arena_On_01">
		<layer src="Arena_On_Base" x="0" y="0"/>
		<layer src="Arena_On_01" x="28" y="0"/>
	</image>
	<image id="Arena_On_02">
		<layer src="Arena_On_Base" x="0" y="0"/>
		<layer src="Arena_On_02" x="29" y="0"/>
	</image>
	<image id="Arena_On_03">
		<layer src="Arena_On_Base" x="0" y="0"/>
		<layer src="Arena_On_03" x="35" y="0"/>
	</image>
	<image id="Arena_On_04">
		<layer src="Arena_On_Base" x="0" y="0"/>
		<layer src="Arena_On_04" x="35" y="0"/>
	</image>
	<image id="Arena_On_05">
		<layer src="Arena_On_Base" x="0" y="0"/>
		<layer src="Arena_On_05" x="32" y="0"/>
	</image>
	<image id="Arena_On_06">
		<layer src="Arena_On_Base" x="0" y="0"/>
		<layer src="Arena_On_06" x="27" y="0"/>
	</image>
	<!-- Note: Arena ON Variant Animation -->
	<image id="Arena ON" width="178" height="152" isometric="true">
		<layer group="this" image="Arena OFF"/>
		<animation speed="9" x="44" y="29" reversible="false">
			<frame group="this" image="Arena_On_01"/>
			<frame group="this" image="Arena_On_02"/>
			<frame group="this" image="Arena_On_03"/>
			<frame group="this" image="Arena_On_04"/>
			<frame group="this" image="Arena_On_05"/>
			<frame group="this" image="Arena_On_06"/>
		</animation>
	</image>
	<!-- Note: Tavern OFF Variant -->
	<image id="Tavern OFF" src="Tavern_OFF" isometric="true"/>
	<!-- Note: Tavern Variant supplied with wine/food but not working/missing employees -->
	<image id="Tavern Supp" isometric="true">
		<layer group="this" image="Tavern OFF"/>
		<layer src="Tavern_Supplied" x="9" y="33"/>
	</image>
	<!-- Note: Tavern ON animation reference DO NOT USE! -->
	<image id="Tavern_ON_01" width="118" height="82">
		<layer src="Tavern_Supplied" x="9" y="33"/>
		<layer src="Tavern_ON_01" x="11" y="28"/>
	</image>
	<image id="Tavern_ON_02" width="118" height="82">
		<layer src="Tavern_Supplied" x="9" y="33"/>
		<layer src="Tavern_ON_02" x="11" y="28"/>
	</image>
	<image id="Tavern_ON_03" width="118" height="82">
		<layer src="Tavern_Supplied" x="9" y="33"/>
		<layer src="Tavern_ON_03" x="11" y="28"/>
	</image>
	<image id="Tavern_ON_04" width="118" height="82">
		<layer src="Tavern_Supplied" x="9" y="33"/>
		<layer src="Tavern_ON_04" x="11" y="28"/>
	</image>
	<image id="Tavern_ON_05" width="118" height="82">
		<layer src="Tavern_Supplied" x="9" y="33"/>
		<layer src="Tavern_ON_05" x="11" y="28"/>
	</image>
	<!-- Note: Tavern ON Animations -->
	<image id="Tavern ON" isometric="true">
		<layer group="this" image="Tavern OFF"/>
		<animation speed="8" x="0" y="0" reversible="false">
			<frame group="this" image="Tavern_ON_01"/>
			<frame group="this" image="Tavern_ON_02"/>
			<frame group="this" image="Tavern_ON_03"/>
			<frame group="this" image="Tavern_ON_04"/>
			<frame group="this" image="Tavern_ON_05"/>
		</animation>
	</image>
	<!-- Note: Barkeep Portrait -->
	<image id="Barkeep Portrait">
		<layer group="190" image="2"/>
		<layer src="barkeep_portrait_overlay"/>
	</image>
	<!-- Note: Barkeep Death animation frames 01-08 -->
	<image id="Barkeep death 01">
		<layer group="88" image="96"/>
		<layer src="barkeep_death_01"/>
	</image>
	<image id="Barkeep death 02">
		<layer group="88" image="97"/>
		<layer src="barkeep_death_02"/>
	</image>
	<image id="Barkeep death 03">
		<layer group="88" image="98"/>
		<layer src="barkeep_death_03"/>
	</image>
	<image id="Barkeep death 04">
		<layer group="88" image="99"/>
		<layer src="barkeep_death_04"/>
	</image>
	<image id="Barkeep death 05">
		<layer group="88" image="100"/>
		<layer src="barkeep_death_05"/>
	</image>
	<image id="Barkeep death 06" src="barkeep_death_06"/>
	<image id="Barkeep death 07" src="barkeep_death_07"/>
	<image id="Barkeep death 08" src="barkeep_death_08"/>
	<!-- Note: Barkeep Walking animation frames NORTH-EAST DIRECTION 01-12 -->
	<image id="Barkeep NE 01">
		<layer group="88" image="0"/>
		<layer src="barkeep_ne_01"/>
	</image>
	<image id="Barkeep NE 02">
		<layer group="88" image="8"/>
		<layer src="barkeep_ne_02"/>
	</image>
	<image id="Barkeep NE 03">
		<layer group="88" image="16"/>
		<layer src="barkeep_ne_03"/>
	</image>
	<image id="Barkeep NE 04">
		<layer group="88" image="24"/>
		<layer src="barkeep_ne_04"/>
	</image>
	<image id="Barkeep NE 05">
		<layer group="88" image="32"/>
		<layer src="barkeep_ne_05"/>
	</image>
	<image id="Barkeep NE 06">
		<layer group="88" image="40"/>
		<layer src="barkeep_ne_06"/>
	</image>
	<image id="Barkeep NE 07">
		<layer group="88" image="48"/>
		<layer src="barkeep_ne_07"/>
	</image>
	<image id="Barkeep NE 08">
		<layer group="88" image="56"/>
		<layer src="barkeep_ne_08"/>
	</image>
	<image id="Barkeep NE 09">
		<layer group="88" image="64"/>
		<layer src="barkeep_ne_09"/>
	</image>
	<image id="Barkeep NE 10">
		<layer group="88" image="72"/>
		<layer src="barkeep_ne_10"/>
	</image>
	<image id="Barkeep NE 11">
		<layer group="88" image="80"/>
		<layer src="barkeep_ne_11"/>
	</image>
	<image id="Barkeep NE 12">
		<layer group="88" image="88"/>
		<layer src="barkeep_ne_12"/>
	</image>
	<!-- Note: Barkeep Walking animation frames EAST DIRECTION 01-12 -->
	<image id="Barkeep E 01">
		<layer group="88" image="1"/>
		<layer src="barkeep_e_01"/>
	</image>
	<image id="Barkeep E 02">
		<layer group="88" image="9"/>
		<layer src="barkeep_e_02"/>
	</image>
	<image id="Barkeep E 03">
		<layer group="88" image="17"/>
		<layer src="barkeep_e_03"/>
	</image>
	<image id="Barkeep E 04">
		<layer group="88" image="25"/>
		<layer src="barkeep_e_04"/>
	</image>
	<image id="Barkeep E 05">
		<layer group="88" image="33"/>
		<layer src="barkeep_e_05"/>
	</image>
	<image id="Barkeep E 06">
		<layer group="88" image="41"/>
		<layer src="barkeep_e_06"/>
	</image>
	<image id="Barkeep E 07">
		<layer group="88" image="49"/>
		<layer src="barkeep_e_07"/>
	</image>
	<image id="Barkeep E 08">
		<layer group="88" image="57"/>
		<layer src="barkeep_e_08"/>
	</image>
	<image id="Barkeep E 09">
		<layer group="88" image="65"/>
		<layer src="barkeep_e_09"/>
	</image>
	<image id="Barkeep E 10">
		<layer group="88" image="73"/>
		<layer src="barkeep_e_10"/>
	</image>
	<image id="Barkeep E 11">
		<layer group="88" image="81"/>
		<layer src="barkeep_e_11"/>
	</image>
	<image id="Barkeep E 12">
		<layer group="88" image="89"/>
		<layer src="barkeep_e_12"/>
	</image>
	<!-- Note: Barkeep Walking animation frames SOUTH-EAST DIRECTION 01-12 -->
	<image id="Barkeep SE 01">
		<layer group="88" image="2"/>
		<layer src="barkeep_se_01"/>
	</image>
	<image id="Barkeep SE 02">
		<layer group="88" image="10"/>
		<layer src="barkeep_se_02"/>
	</image>
	<image id="Barkeep SE 03">
		<layer group="88" image="18"/>
		<layer src="barkeep_se_03"/>
	</image>
	<image id="Barkeep SE 04">
		<layer group="88" image="26"/>
		<layer src="barkeep_se_04"/>
	</image>
	<image id="Barkeep SE 05">
		<layer group="88" image="34"/>
		<layer src="barkeep_se_05"/>
	</image>
	<image id="Barkeep SE 06">
		<layer group="88" image="42"/>
		<layer src="barkeep_se_06"/>
	</image>
	<image id="Barkeep SE 07">
		<layer group="88" image="50"/>
		<layer src="barkeep_se_07"/>
	</image>
	<image id="Barkeep SE 08">
		<layer group="88" image="58"/>
		<layer src="barkeep_se_08"/>
	</image>
	<image id="Barkeep SE 09">
		<layer group="88" image="66"/>
		<layer src="barkeep_se_09"/>
	</image>
	<image id="Barkeep SE 10">
		<layer group="88" image="74"/>
		<layer src="barkeep_se_10"/>
	</image>
	<image id="Barkeep SE 11">
		<layer group="88" image="82"/>
		<layer src="barkeep_se_11"/>
	</image>
	<image id="Barkeep SE 12">
		<layer group="88" image="90"/>
		<layer src="barkeep_se_12"/>
	</image>
	<!-- Note: Barkeep Walking animation frames SOUTH DIRECTION 01-12 -->
	<image id="Barkeep S 01">
		<layer group="88" image="3"/>
		<layer src="barkeep_s_01"/>
	</image>
	<image id="Barkeep S 02">
		<layer group="88" image="11"/>
		<layer src="barkeep_s_02"/>
	</image>
	<image id="Barkeep S 03">
		<layer group="88" image="19"/>
		<layer src="barkeep_s_03"/>
	</image>
	<image id="Barkeep S 04">
		<layer group="88" image="27"/>
		<layer src="barkeep_s_04"/>
	</image>
	<image id="Barkeep S 05">
		<layer group="88" image="35"/>
		<layer src="barkeep_s_05"/>
	</image>
	<image id="Barkeep S 06">
		<layer group="88" image="43"/>
		<layer src="barkeep_s_06"/>
	</image>
	<image id="Barkeep S 07">
		<layer group="88" image="51"/>
		<layer src="barkeep_s_07"/>
	</image>
	<image id="Barkeep S 08">
		<layer group="88" image="59"/>
		<layer src="barkeep_s_08"/>
	</image>
	<image id="Barkeep S 09">
		<layer group="88" image="67"/>
		<layer src="barkeep_s_09"/>
	</image>
	<image id="Barkeep S 10">
		<layer group="88" image="75"/>
		<layer src="barkeep_s_10"/>
	</image>
	<image id="Barkeep S 11">
		<layer group="88" image="83"/>
		<layer src="barkeep_s_11"/>
	</image>
	<image id="Barkeep S 12">
		<layer group="88" image="91"/>
		<layer src="barkeep_s_12"/>
	</image>
	<!-- Note: Barkeep Walking animation frames SOUTH-WEST DIRECTION 01-12 -->
	<image id="Barkeep SW 01">
		<layer group="88" image="4"/>
		<layer src="barkeep_sw_01"/>
	</image>
	<image id="Barkeep SW 02">
		<layer group="88" image="12"/>
		<layer src="barkeep_sw_02"/>
	</image>
	<image id="Barkeep SW 03">
		<layer group="88" image="20"/>
		<layer src="barkeep_sw_03"/>
	</image>
	<image id="Barkeep SW 04">
		<layer group="88" image="28"/>
		<layer src="barkeep_sw_04"/>
	</image>
	<image id="Barkeep SW 05">
		<layer group="88" image="36"/>
		<layer src="barkeep_sw_05"/>
	</image>
	<image id="Barkeep SW 06">
		<layer group="88" image="44"/>
		<layer src="barkeep_sw_06"/>
	</image>
	<image id="Barkeep SW 07">
		<layer group="88" image="52"/>
		<layer src="barkeep_sw_07"/>
	</image>
	<image id="Barkeep SW 08">
		<layer group="88" image="60"/>
		<layer src="barkeep_sw_08"/>
	</image>
	<image id="Barkeep SW 09">
		<layer group="88" image="68"/>
		<layer src="barkeep_sw_09"/>
	</image>
	<image id="Barkeep SW 10">
		<layer group="88" image="76"/>
		<layer src="barkeep_sw_10"/>
	</image>
	<image id="Barkeep SW 11">
		<layer group="88" image="84"/>
		<layer src="barkeep_sw_11"/>
	</image>
	<image id="Barkeep SW 12">
		<layer group="88" image="92"/>
		<layer src="barkeep_sw_12"/>
	</image>
	<!-- Note: Barkeep Walking animation frames WEST DIRECTION 01-12 -->
	<image id="Barkeep W 01">
		<layer group="88" image="5"/>
		<layer src="barkeep_w_01"/>
	</image>
	<image id="Barkeep W 02">
		<layer group="88" image="13"/>
		<layer src="barkeep_w_02"/>
	</image>
	<image id="Barkeep W 03">
		<layer group="88" image="21"/>
		<layer src="barkeep_w_03"/>
	</image>
	<image id="Barkeep W 04">
		<layer group="88" image="29"/>
		<layer src="barkeep_w_04"/>
	</image>
	<image id="Barkeep W 05">
		<layer group="88" image="37"/>
		<layer src="barkeep_w_05"/>
	</image>
	<image id="Barkeep W 06">
		<layer group="88" image="45"/>
		<layer src="barkeep_w_06"/>
	</image>
	<image id="Barkeep W 07">
		<layer group="88" image="53"/>
		<layer src="barkeep_w_07"/>
	</image>
	<image id="Barkeep W 08">
		<layer group="88" image="61"/>
		<layer src="barkeep_w_08"/>
	</image>
	<image id="Barkeep W 09">
		<layer group="88" image="69"/>
		<layer src="barkeep_w_09"/>
	</image>
	<image id="Barkeep W 10">
		<layer group="88" image="77"/>
		<layer src="barkeep_w_10"/>
	</image>
	<image id="Barkeep W 11">
		<layer group="88" image="85"/>
		<layer src="barkeep_w_11"/>
	</image>
	<image id="Barkeep W 12">
		<layer group="88" image="93"/>
		<layer src="barkeep_w_12"/>
	</image>
	<!-- Note: Barkeep Walking animation frames NORTH-WEST DIRECTION 01-12 -->
	<image id="Barkeep NW 01">
		<layer group="88" image="6"/>
		<layer src="barkeep_nw_01"/>
	</image>
	<image id="Barkeep NW 02">
		<layer group="88" image="14"/>
		<layer src="barkeep_nw_02"/>
	</image>
	<image id="Barkeep NW 03">
		<layer group="88" image="22"/>
		<layer src="barkeep_nw_03"/>
	</image>
	<image id="Barkeep NW 04">
		<layer group="88" image="30"/>
		<layer src="barkeep_nw_04"/>
	</image>
	<image id="Barkeep NW 05">
		<layer group="88" image="38"/>
		<layer src="barkeep_nw_05"/>
	</image>
	<image id="Barkeep NW 06">
		<layer group="88" image="46"/>
		<layer src="barkeep_nw_06"/>
	</image>
	<image id="Barkeep NW 07">
		<layer group="88" image="54"/>
		<layer src="barkeep_nw_07"/>
	</image>
	<image id="Barkeep NW 08">
		<layer group="88" image="62"/>
		<layer src="barkeep_nw_08"/>
	</image>
	<image id="Barkeep NW 09">
		<layer group="88" image="70"/>
		<layer src="barkeep_nw_09"/>
	</image>
	<image id="Barkeep NW 10">
		<layer group="88" image="78"/>
		<layer src="barkeep_nw_10"/>
	</image>
	<image id="Barkeep NW 11">
		<layer group="88" image="86"/>
		<layer src="barkeep_nw_11"/>
	</image>
	<image id="Barkeep NW 12">
		<layer group="88" image="94"/>
		<layer src="barkeep_nw_12"/>
	</image>
	<!-- Note: Barkeep Walking animation frames NORTH DIRECTION 01-12 -->
	<image id="Barkeep N 01">
		<layer group="88" image="7"/>
		<layer src="barkeep_n_01"/>
	</image>
	<image id="Barkeep N 02">
		<layer group="88" image="15"/>
		<layer src="barkeep_n_02"/>
	</image>
	<image id="Barkeep N 03">
		<layer group="88" image="23"/>
		<layer src="barkeep_n_03"/>
	</image>
	<image id="Barkeep N 04">
		<layer group="88" image="31"/>
		<layer src="barkeep_n_04"/>
	</image>
	<image id="Barkeep N 05">
		<layer group="88" image="39"/>
		<layer src="barkeep_n_05"/>
	</image>
	<image id="Barkeep N 06">
		<layer group="88" image="47"/>
		<layer src="barkeep_n_06"/>
	</image>
	<image id="Barkeep N 07">
		<layer group="88" image="55"/>
		<layer src="barkeep_n_07"/>
	</image>
	<image id="Barkeep N 08">
		<layer group="88" image="63"/>
		<layer src="barkeep_n_08"/>
	</image>
	<image id="Barkeep N 09">
		<layer group="88" image="71"/>
		<layer src="barkeep_n_09"/>
	</image>
	<image id="Barkeep N 10">
		<layer group="88" image="79"/>
		<layer src="barkeep_n_10"/>
	</image>
	<image id="Barkeep N 11">
		<layer group="88" image="87"/>
		<layer src="barkeep_n_11"/>
	</image>
	<image id="Barkeep N 12">
		<layer group="88" image="95"/>
		<layer src="barkeep_n_12"/>
	</image>
	<!-- Note: Theatre ON reference assets (DO NOT USE!) -->
	<image id="Theatre_ON_01" width="63" height="34">
		<layer group="191" x="0" y="0"/>
		<layer group="46" image="1" x="26" y="1"/>
		<layer src="Theatre_Fix" x="40" y="-8"/>
	</image>
	<image id="Theatre_ON_02" width="63" height="34">
		<layer group="191" x="0" y="0"/>
		<layer group="46" image="2" x="26" y="1"/>
		<layer src="Theatre_Fix" x="40" y="-8"/>
	</image>
	<image id="Theatre_ON_03" width="63" height="34">
		<layer group="191" x="0" y="0"/>
		<layer group="46" image="3" x="26" y="1"/>
		<layer src="Theatre_Fix" x="40" y="-8"/>
	</image>
	<image id="Theatre_ON_04" width="63" height="34">
		<layer group="191" x="0" y="0"/>
		<layer group="46" image="4" x="26" y="1"/>
		<layer src="Theatre_Fix" x="40" y="-8"/>
	</image>
	<image id="Theatre_ON_05" width="63" height="34">
		<layer group="191" x="0" y="0"/>
		<layer group="46" image="5" x="26" y="1"/>
		<layer src="Theatre_Fix" x="40" y="-8"/>
	</image>
	<image id="Theatre_ON_06" width="63" height="34">
		<layer group="191" x="0" y="0"/>
		<layer group="46" image="6" x="26" y="1"/>
		<layer src="Theatre_Fix" x="40" y="-8"/>
	</image>
	<image id="Theatre_ON_07" width="63" height="34">
		<layer group="191" x="0" y="0"/>
		<layer group="46" image="7" x="26" y="1"/>
		<layer src="Theatre_Fix" x="40" y="-8"/>
	</image>
	<image id="Theatre_ON_08" width="63" height="34">
		<layer group="191" x="0" y="0"/>
		<layer group="46" image="8" x="26" y="1"/>
		<layer src="Theatre_Fix" x="40" y="-8"/>
	</image>
	<image id="Theatre_ON_09" width="63" height="34">
		<layer group="191" x="0" y="0"/>
		<layer group="46" image="9" x="26" y="1"/>
		<layer src="Theatre_Fix" x="40" y="-8"/>
	</image>
	<image id="Theatre_ON_10" width="63" height="34">
		<layer group="191" x="0" y="0"/>
		<layer group="46" image="10" x="26" y="1"/>
		<layer src="Theatre_Fix" x="40" y="-8"/>
	</image>
	<image id="Theatre_ON_11" width="63" height="34">
		<layer group="191" x="0" y="0"/>
		<layer group="46" image="11" x="26" y="1"/>
		<layer src="Theatre_Fix" x="40" y="-8"/>
	</image>
	<image id="Theatre_ON_12" width="63" height="34">
		<layer group="191" x="0" y="0"/>
		<layer group="46" image="12" x="26" y="1"/>
		<layer src="Theatre_Fix" x="40" y="-8"/>
	</image>
	<image id="Theatre_ON_13" width="63" height="34">
		<layer group="191" x="0" y="0"/>
		<layer group="46" image="13" x="26" y="1"/>
		<layer src="Theatre_Fix" x="40" y="-8"/>
	</image>
	<image id="Theatre_ON_14" width="63" height="34">
		<layer group="191" x="0" y="0"/>
		<layer group="46" image="14" x="26" y="1"/>
		<layer src="Theatre_Fix" x="40" y="-8"/>
	</image>
	<image id="Theatre_ON_15" width="63" height="34">
		<layer group="191" x="0" y="0"/>
		<layer group="46" image="15" x="26" y="1"/>
		<layer src="Theatre_Fix" x="40" y="-8"/>
	</image>
	<image id="Theatre_ON_16" width="63" height="34">
		<layer group="191" x="0" y="0"/>
		<layer group="46" image="16" x="26" y="1"/>
		<layer src="Theatre_Fix" x="40" y="-8"/>
	</image>
	<image id="Theatre_ON_17" width="63" height="34">
		<layer group="191" x="0" y="0"/>
		<layer group="46" image="17" x="26" y="1"/>
		<layer src="Theatre_Fix" x="40" y="-8"/>
	</image>
	<image id="Theatre_ON_18" width="63" height="34">
		<layer group="191" x="0" y="0"/>
		<layer group="46" image="18" x="26" y="1"/>
		<layer src="Theatre_Fix" x="40" y="-8"/>
	</image>
	<image id="Theatre_ON_19" width="63" height="34">
		<layer group="191" x="0" y="0"/>
		<layer group="46" image="19" x="26" y="1"/>
		<layer src="Theatre_Fix" x="40" y="-8"/>
	</image>
	<image id="Theatre_ON_20" width="63" height="34">
		<layer group="191" x="0" y="0"/>
		<layer group="46" image="20" x="26" y="1"/>
		<layer src="Theatre_Fix" x="40" y="-8"/>
	</image>
	<image id="Theatre_ON_21" width="63" height="34">
		<layer group="191" x="0" y="0"/>
		<layer group="46" image="21" x="26" y="1"/>
		<layer src="Theatre_Fix" x="40" y="-8"/>
	</image>
	<!-- Note: Theatre Vanilla ON Asset: USE THIS ONE! -->
	<image id="Theatre ON" width="118" height="98" isometric="true">
		<layer group="46" y="0"/>
		<layer src="Theatre_Fix" x="74" y="23"/>
		<animation speed="5" x="34" y="31" reversible="false">
			<frame group="this" image="Theatre_ON_01"/>
			<frame group="this" image="Theatre_ON_02"/>
			<frame group="this" image="Theatre_ON_03"/>
			<frame group="this" image="Theatre_ON_04"/>
			<frame group="this" image="Theatre_ON_05"/>
			<frame group="this" image="Theatre_ON_06"/>
			<frame group="this" image="Theatre_ON_07"/>
			<frame group="this" image="Theatre_ON_08"/>
			<frame group="this" image="Theatre_ON_09"/>
			<frame group="this" image="Theatre_ON_10"/>
			<frame group="this" image="Theatre_ON_11"/>
			<frame group="this" image="Theatre_ON_12"/>
			<frame group="this" image="Theatre_ON_13"/>
			<frame group="this" image="Theatre_ON_14"/>
			<frame group="this" image="Theatre_ON_15"/>
			<frame group="this" image="Theatre_ON_16"/>
			<frame group="this" image="Theatre_ON_17"/>
			<frame group="this" image="Theatre_ON_18"/>
			<frame group="this" image="Theatre_ON_19"/>
			<frame group="this" image="Theatre_ON_20"/>
			<frame group="this" image="Theatre_ON_21"/>
		</animation>
	</image>
	<!-- Note: Theatre Upgrade OFF Asset: USE THIS ONE! -->
	<image id="Theatre Upgrade OFF" width="118" height="101" isometric="true">
		<layer group="46" y="3"/>
		<layer src="Theatre_Upgrade_State"/>
	</image>
	<!-- Note: Theatre ON reference assets (DO NOT USE!) -->
	<image id="Theatre_UP_ON_01" width="63" height="34">
		<layer group="this" image="Theatre_ON_01" x="0" y="0"/>
		<layer src="Theatre_Upgrade_State" x="-34" y="-34"/>
	</image>
	<image id="Theatre_UP_ON_02" width="63" height="34">
		<layer group="this" image="Theatre_ON_02" x="0" y="0"/>
		<layer src="Theatre_Upgrade_State" x="-34" y="-34"/>
	</image>
	<image id="Theatre_UP_ON_03" width="63" height="34">
		<layer group="this" image="Theatre_ON_03" x="0" y="0"/>
		<layer src="Theatre_Upgrade_State" x="-34" y="-34"/>
	</image>
	<image id="Theatre_UP_ON_04" width="63" height="34">
		<layer group="this" image="Theatre_ON_04" x="0" y="0"/>
		<layer src="Theatre_Upgrade_State" x="-34" y="-34"/>
	</image>
	<image id="Theatre_UP_ON_05" width="63" height="34">
		<layer group="this" image="Theatre_ON_05" x="0" y="0"/>
		<layer src="Theatre_Upgrade_State" x="-34" y="-34"/>
	</image>
	<image id="Theatre_UP_ON_06" width="63" height="34">
		<layer group="this" image="Theatre_ON_06" x="0" y="0"/>
		<layer src="Theatre_Upgrade_State" x="-34" y="-34"/>
	</image>
	<image id="Theatre_UP_ON_07" width="63" height="34">
		<layer group="this" image="Theatre_ON_07" x="0" y="0"/>
		<layer src="Theatre_Upgrade_State" x="-34" y="-34"/>
	</image>
	<image id="Theatre_UP_ON_08" width="63" height="34">
		<layer group="this" image="Theatre_ON_08" x="0" y="0"/>
		<layer src="Theatre_Upgrade_State" x="-34" y="-34"/>
	</image>
	<image id="Theatre_UP_ON_09" width="63" height="34">
		<layer group="this" image="Theatre_ON_09" x="0" y="0"/>
		<layer src="Theatre_Upgrade_State" x="-34" y="-34"/>
	</image>
	<image id="Theatre_UP_ON_10" width="63" height="34">
		<layer group="this" image="Theatre_ON_10" x="0" y="0"/>
		<layer src="Theatre_Upgrade_State" x="-34" y="-34"/>
	</image>
	<image id="Theatre_UP_ON_11" width="63" height="34">
		<layer group="this" image="Theatre_ON_11" x="0" y="0"/>
		<layer src="Theatre_Upgrade_State" x="-34" y="-34"/>
	</image>
	<image id="Theatre_UP_ON_12" width="63" height="34">
		<layer group="this" image="Theatre_ON_12" x="0" y="0"/>
		<layer src="Theatre_Upgrade_State" x="-34" y="-34"/>
	</image>
	<image id="Theatre_UP_ON_13" width="63" height="34">
		<layer group="this" image="Theatre_ON_13" x="0" y="0"/>
		<layer src="Theatre_Upgrade_State" x="-34" y="-34"/>
	</image>
	<image id="Theatre_UP_ON_14" width="63" height="34">
		<layer group="this" image="Theatre_ON_14" x="0" y="0"/>
		<layer src="Theatre_Upgrade_State" x="-34" y="-34"/>
	</image>
	<image id="Theatre_UP_ON_15" width="63" height="34">
		<layer group="this" image="Theatre_ON_15" x="0" y="0"/>
		<layer src="Theatre_Upgrade_State" x="-34" y="-34"/>
	</image>
	<image id="Theatre_UP_ON_16" width="63" height="34">
		<layer group="this" image="Theatre_ON_16" x="0" y="0"/>
		<layer src="Theatre_Upgrade_State" x="-34" y="-34"/>
	</image>
	<image id="Theatre_UP_ON_17" width="63" height="34">
		<layer group="this" image="Theatre_ON_17" x="0" y="0"/>
		<layer src="Theatre_Upgrade_State" x="-34" y="-34"/>
	</image>
	<image id="Theatre_UP_ON_18" width="63" height="34">
		<layer group="this" image="Theatre_ON_18" x="0" y="0"/>
		<layer src="Theatre_Upgrade_State" x="-34" y="-34"/>
	</image>
	<image id="Theatre_UP_ON_19" width="63" height="34">
		<layer group="this" image="Theatre_ON_19" x="0" y="0"/>
		<layer src="Theatre_Upgrade_State" x="-34" y="-34"/>
	</image>
	<image id="Theatre_UP_ON_20" width="63" height="34">
		<layer group="this" image="Theatre_ON_20" x="0" y="0"/>
		<layer src="Theatre_Upgrade_State" x="-34" y="-34"/>
	</image>
	<image id="Theatre_UP_ON_21" width="63" height="34">
		<layer group="this" image="Theatre_ON_21" x="0" y="0"/>
		<layer src="Theatre_Upgrade_State" x="-34" y="-34"/>
	</image>
	<!-- Note: Theatre Upgrade ON Asset: USE THIS ONE! -->
	<image id="Theatre Upgrade ON" width="118" height="101" isometric="true">
		<layer group="46" y="3"/>
		<layer src="Theatre_Fix" x="74" y="26"/>
		<layer src="Theatre_Upgrade_State" x="0" y="0"/>
		<animation speed="5" x="34" y="34" reversible="false">
			<frame group="this" image="Theatre_UP_ON_01"/>
			<frame group="this" image="Theatre_UP_ON_02"/>
			<frame group="this" image="Theatre_UP_ON_03"/>
			<frame group="this" image="Theatre_UP_ON_04"/>
			<frame group="this" image="Theatre_UP_ON_05"/>
			<frame group="this" image="Theatre_UP_ON_06"/>
			<frame group="this" image="Theatre_UP_ON_07"/>
			<frame group="this" image="Theatre_UP_ON_08"/>
			<frame group="this" image="Theatre_UP_ON_09"/>
			<frame group="this" image="Theatre_UP_ON_10"/>
			<frame group="this" image="Theatre_UP_ON_11"/>
			<frame group="this" image="Theatre_UP_ON_12"/>
			<frame group="this" image="Theatre_UP_ON_13"/>
			<frame group="this" image="Theatre_UP_ON_14"/>
			<frame group="this" image="Theatre_UP_ON_15"/>
			<frame group="this" image="Theatre_UP_ON_16"/>
			<frame group="this" image="Theatre_UP_ON_17"/>
			<frame group="this" image="Theatre_UP_ON_18"/>
			<frame group="this" image="Theatre_UP_ON_19"/>
			<frame group="this" image="Theatre_UP_ON_20"/>
			<frame group="this" image="Theatre_UP_ON_21"/>
		</animation>
	</image>
</assetlist>