<?xml version="1.0"?>
<!DOCTYPE assetlist>

<!-- Unless specifically mentioned, all assets created by Areldir -->
<assetlist name="Entertainment">
	<!-- Note: Arena Off Variant -->
	<image id="Arena OFF" src="Arena_Off"/>
	<!-- Note: Arena ON Variant Animation -->
	<image id="Arena ON" width="178" height="152">
		<layer group="this" image="Arena OFF"/>
		<animation speed="9" x="44" y="29" reversible="false">
			<frame src="Arena_On_01"/>
			<frame src="Arena_On_02"/>
			<frame src="Arena_On_03"/>
			<frame src="Arena_On_04"/>
			<frame src="Arena_On_05"/>
			<frame src="Arena_On_06"/>
		</animation>
	</image>
	<!-- Note: Tavern OFF Variant -->
	<image id="Tavern OFF" src="Tavern_OFF"/>
	<!-- Note: Tavern ON Animations -->
	<image id="Tavern ON">
		<layer group="this" image="Tavern OFF"/>
		<animation speed="8" x="11" y="28" reversible="false">
			<frame src="Tavern_ON_01"/>
			<frame src="Tavern_ON_02"/>
			<frame src="Tavern_ON_03"/>
			<frame src="Tavern_ON_04"/>
			<frame src="Tavern_ON_05"/>
		</animation>
	</image>
	<!-- Note: Tavern Variant supplied with wine/food but not working/missing employees -->
	<image id="Tavern Supp" src="Tavern_Supplied"/>
	<!-- Note: Barkeep Portrait -->
	<image id="Barkeep Portrait">
		<layer group="190" image="2"/>
		<layer src="barkeep_portrait_overlay"/>
	</image>
	<!-- Note: Barkeep Death animation frames 01-08 -->
	<image id="Barkeep death 01">
		<layer group="88" image="96"/>
		<layer src="barkeep_death_01"/>
	</image>
	<image id="Barkeep death 02">
		<layer group="88" image="97"/>
		<layer src="barkeep_death_02"/>
	</image>
	<image id="Barkeep death 03">
		<layer group="88" image="98"/>
		<layer src="barkeep_death_03"/>
	</image>
	<image id="Barkeep death 04">
		<layer group="88" image="99"/>
		<layer src="barkeep_death_04"/>
	</image>
	<image id="Barkeep death 05">
		<layer group="88" image="100"/>
		<layer src="barkeep_death_05"/>
	</image>
	<image id="Barkeep death 06" src="barkeep_death_06"/>
	<image id="Barkeep death 07" src="barkeep_death_07"/>
	<image id="Barkeep death 08" src="barkeep_death_08"/>
	<!-- Note: Barkeep Walking animation frames NORTH-EAST DIRECTION 01-12 -->
	<image id="Barkeep NE 01">
		<layer group="88" image="0"/>
		<layer src="barkeep_ne_01"/>
	</image>
	<image id="Barkeep NE 02">
		<layer group="88" image="8"/>
		<layer src="barkeep_ne_02"/>
	</image>
	<image id="Barkeep NE 03">
		<layer group="88" image="16"/>
		<layer src="barkeep_ne_03"/>
	</image>
	<image id="Barkeep NE 04">
		<layer group="88" image="24"/>
		<layer src="barkeep_ne_04"/>
	</image>
	<image id="Barkeep NE 05">
		<layer group="88" image="32"/>
		<layer src="barkeep_ne_05"/>
	</image>
	<image id="Barkeep NE 06">
		<layer group="88" image="40"/>
		<layer src="barkeep_ne_06"/>
	</image>
	<image id="Barkeep NE 07">
		<layer group="88" image="48"/>
		<layer src="barkeep_ne_07"/>
	</image>
	<image id="Barkeep NE 08">
		<layer group="88" image="56"/>
		<layer src="barkeep_ne_08"/>
	</image>
	<image id="Barkeep NE 09">
		<layer group="88" image="64"/>
		<layer src="barkeep_ne_09"/>
	</image>
	<image id="Barkeep NE 10">
		<layer group="88" image="72"/>
		<layer src="barkeep_ne_10"/>
	</image>
	<image id="Barkeep NE 11">
		<layer group="88" image="80"/>
		<layer src="barkeep_ne_11"/>
	</image>
	<image id="Barkeep NE 12">
		<layer group="88" image="88"/>
		<layer src="barkeep_ne_12"/>
	</image>
	<!-- Note: Barkeep Walking animation frames EAST DIRECTION 01-12 -->
	<image id="Barkeep E 01">
		<layer group="88" image="1"/>
		<layer src="barkeep_e_01"/>
	</image>
	<image id="Barkeep E 02">
		<layer group="88" image="9"/>
		<layer src="barkeep_e_02"/>
	</image>
	<image id="Barkeep E 03">
		<layer group="88" image="17"/>
		<layer src="barkeep_e_03"/>
	</image>
	<image id="Barkeep E 04">
		<layer group="88" image="25"/>
		<layer src="barkeep_e_04"/>
	</image>
	<image id="Barkeep E 05">
		<layer group="88" image="33"/>
		<layer src="barkeep_e_05"/>
	</image>
	<image id="Barkeep E 06">
		<layer group="88" image="41"/>
		<layer src="barkeep_e_06"/>
	</image>
	<image id="Barkeep E 07">
		<layer group="88" image="49"/>
		<layer src="barkeep_e_07"/>
	</image>
	<image id="Barkeep E 08">
		<layer group="88" image="57"/>
		<layer src="barkeep_e_08"/>
	</image>
	<image id="Barkeep E 09">
		<layer group="88" image="65"/>
		<layer src="barkeep_e_09"/>
	</image>
	<image id="Barkeep E 10">
		<layer group="88" image="73"/>
		<layer src="barkeep_e_10"/>
	</image>
	<image id="Barkeep E 11">
		<layer group="88" image="81"/>
		<layer src="barkeep_e_11"/>
	</image>
	<image id="Barkeep E 12">
		<layer group="88" image="89"/>
		<layer src="barkeep_e_12"/>
	</image>
	<!-- Note: Barkeep Walking animation frames SOUTH-EAST DIRECTION 01-12 -->
	<image id="Barkeep SE 01">
		<layer group="88" image="2"/>
		<layer src="barkeep_se_01"/>
	</image>
	<image id="Barkeep SE 02">
		<layer group="88" image="10"/>
		<layer src="barkeep_se_02"/>
	</image>
	<image id="Barkeep SE 03">
		<layer group="88" image="18"/>
		<layer src="barkeep_se_03"/>
	</image>
	<image id="Barkeep SE 04">
		<layer group="88" image="26"/>
		<layer src="barkeep_se_04"/>
	</image>
	<image id="Barkeep SE 05">
		<layer group="88" image="34"/>
		<layer src="barkeep_se_05"/>
	</image>
	<image id="Barkeep SE 06">
		<layer group="88" image="42"/>
		<layer src="barkeep_se_06"/>
	</image>
	<image id="Barkeep SE 07">
		<layer group="88" image="50"/>
		<layer src="barkeep_se_07"/>
	</image>
	<image id="Barkeep SE 08">
		<layer group="88" image="58"/>
		<layer src="barkeep_se_08"/>
	</image>
	<image id="Barkeep SE 09">
		<layer group="88" image="66"/>
		<layer src="barkeep_se_09"/>
	</image>
	<image id="Barkeep SE 10">
		<layer group="88" image="74"/>
		<layer src="barkeep_se_10"/>
	</image>
	<image id="Barkeep SE 11">
		<layer group="88" image="82"/>
		<layer src="barkeep_se_11"/>
	</image>
	<image id="Barkeep SE 12">
		<layer group="88" image="90"/>
		<layer src="barkeep_se_12"/>
	</image>
	<!-- Note: Barkeep Walking animation frames SOUTH DIRECTION 01-12 -->
	<image id="Barkeep S 01">
		<layer group="88" image="3"/>
		<layer src="barkeep_s_01"/>
	</image>
	<image id="Barkeep S 02">
		<layer group="88" image="11"/>
		<layer src="barkeep_s_02"/>
	</image>
	<image id="Barkeep S 03">
		<layer group="88" image="19"/>
		<layer src="barkeep_s_03"/>
	</image>
	<image id="Barkeep S 04">
		<layer group="88" image="27"/>
		<layer src="barkeep_s_04"/>
	</image>
	<image id="Barkeep S 05">
		<layer group="88" image="35"/>
		<layer src="barkeep_s_05"/>
	</image>
	<image id="Barkeep S 06">
		<layer group="88" image="43"/>
		<layer src="barkeep_s_06"/>
	</image>
	<image id="Barkeep S 07">
		<layer group="88" image="51"/>
		<layer src="barkeep_s_07"/>
	</image>
	<image id="Barkeep S 08">
		<layer group="88" image="59"/>
		<layer src="barkeep_s_08"/>
	</image>
	<image id="Barkeep S 09">
		<layer group="88" image="67"/>
		<layer src="barkeep_s_09"/>
	</image>
	<image id="Barkeep S 10">
		<layer group="88" image="75"/>
		<layer src="barkeep_s_10"/>
	</image>
	<image id="Barkeep S 11">
		<layer group="88" image="83"/>
		<layer src="barkeep_s_11"/>
	</image>
	<image id="Barkeep S 12">
		<layer group="88" image="91"/>
		<layer src="barkeep_s_12"/>
	</image>
	<!-- Note: Barkeep Walking animation frames SOUTH-WEST DIRECTION 01-12 -->
	<image id="Barkeep SW 01">
		<layer group="88" image="4"/>
		<layer src="barkeep_sw_01"/>
	</image>
	<image id="Barkeep SW 02">
		<layer group="88" image="12"/>
		<layer src="barkeep_sw_02"/>
	</image>
	<image id="Barkeep SW 03">
		<layer group="88" image="20"/>
		<layer src="barkeep_sw_03"/>
	</image>
	<image id="Barkeep SW 04">
		<layer group="88" image="28"/>
		<layer src="barkeep_sw_04"/>
	</image>
	<image id="Barkeep SW 05">
		<layer group="88" image="36"/>
		<layer src="barkeep_sw_05"/>
	</image>
	<image id="Barkeep SW 06">
		<layer group="88" image="44"/>
		<layer src="barkeep_sw_06"/>
	</image>
	<image id="Barkeep SW 07">
		<layer group="88" image="52"/>
		<layer src="barkeep_sw_07"/>
	</image>
	<image id="Barkeep SW 08">
		<layer group="88" image="60"/>
		<layer src="barkeep_sw_08"/>
	</image>
	<image id="Barkeep SW 09">
		<layer group="88" image="68"/>
		<layer src="barkeep_sw_09"/>
	</image>
	<image id="Barkeep SW 10">
		<layer group="88" image="76"/>
		<layer src="barkeep_sw_10"/>
	</image>
	<image id="Barkeep SW 11">
		<layer group="88" image="84"/>
		<layer src="barkeep_sw_11"/>
	</image>
	<image id="Barkeep SW 12">
		<layer group="88" image="92"/>
		<layer src="barkeep_sw_12"/>
	</image>
	<!-- Note: Barkeep Walking animation frames WEST DIRECTION 01-12 -->
	<image id="Barkeep W 01">
		<layer group="88" image="5"/>
		<layer src="barkeep_w_01"/>
	</image>
	<image id="Barkeep W 02">
		<layer group="88" image="13"/>
		<layer src="barkeep_w_02"/>
	</image>
	<image id="Barkeep W 03">
		<layer group="88" image="21"/>
		<layer src="barkeep_w_03"/>
	</image>
	<image id="Barkeep W 04">
		<layer group="88" image="29"/>
		<layer src="barkeep_w_04"/>
	</image>
	<image id="Barkeep W 05">
		<layer group="88" image="37"/>
		<layer src="barkeep_w_05"/>
	</image>
	<image id="Barkeep W 06">
		<layer group="88" image="45"/>
		<layer src="barkeep_w_06"/>
	</image>
	<image id="Barkeep W 07">
		<layer group="88" image="53"/>
		<layer src="barkeep_w_07"/>
	</image>
	<image id="Barkeep W 08">
		<layer group="88" image="61"/>
		<layer src="barkeep_w_08"/>
	</image>
	<image id="Barkeep W 09">
		<layer group="88" image="69"/>
		<layer src="barkeep_w_09"/>
	</image>
	<image id="Barkeep W 10">
		<layer group="88" image="77"/>
		<layer src="barkeep_w_10"/>
	</image>
	<image id="Barkeep W 11">
		<layer group="88" image="85"/>
		<layer src="barkeep_w_11"/>
	</image>
	<image id="Barkeep W 12">
		<layer group="88" image="93"/>
		<layer src="barkeep_w_12"/>
	</image>
	<!-- Note: Barkeep Walking animation frames NORTH-WEST DIRECTION 01-12 -->
	<image id="Barkeep NW 01">
		<layer group="88" image="6"/>
		<layer src="barkeep_nw_01"/>
	</image>
	<image id="Barkeep NW 02">
		<layer group="88" image="14"/>
		<layer src="barkeep_nw_02"/>
	</image>
	<image id="Barkeep NW 03">
		<layer group="88" image="22"/>
		<layer src="barkeep_nw_03"/>
	</image>
	<image id="Barkeep NW 04">
		<layer group="88" image="30"/>
		<layer src="barkeep_nw_04"/>
	</image>
	<image id="Barkeep NW 05">
		<layer group="88" image="38"/>
		<layer src="barkeep_nw_05"/>
	</image>
	<image id="Barkeep NW 06">
		<layer group="88" image="46"/>
		<layer src="barkeep_nw_06"/>
	</image>
	<image id="Barkeep NW 07">
		<layer group="88" image="54"/>
		<layer src="barkeep_nw_07"/>
	</image>
	<image id="Barkeep NW 08">
		<layer group="88" image="62"/>
		<layer src="barkeep_nw_08"/>
	</image>
	<image id="Barkeep NW 09">
		<layer group="88" image="70"/>
		<layer src="barkeep_nw_09"/>
	</image>
	<image id="Barkeep NW 10">
		<layer group="88" image="78"/>
		<layer src="barkeep_nw_10"/>
	</image>
	<image id="Barkeep NW 11">
		<layer group="88" image="86"/>
		<layer src="barkeep_nw_11"/>
	</image>
	<image id="Barkeep NW 12">
		<layer group="88" image="94"/>
		<layer src="barkeep_nw_12"/>
	</image>
	<!-- Note: Barkeep Walking animation frames NORTH DIRECTION 01-12 -->
	<image id="Barkeep N 01">
		<layer group="88" image="7"/>
		<layer src="barkeep_n_01"/>
	</image>
	<image id="Barkeep N 02">
		<layer group="88" image="15"/>
		<layer src="barkeep_n_02"/>
	</image>
	<image id="Barkeep N 03">
		<layer group="88" image="23"/>
		<layer src="barkeep_n_03"/>
	</image>
	<image id="Barkeep N 04">
		<layer group="88" image="31"/>
		<layer src="barkeep_n_04"/>
	</image>
	<image id="Barkeep N 05">
		<layer group="88" image="39"/>
		<layer src="barkeep_n_05"/>
	</image>
	<image id="Barkeep N 06">
		<layer group="88" image="47"/>
		<layer src="barkeep_n_06"/>
	</image>
	<image id="Barkeep N 07">
		<layer group="88" image="55"/>
		<layer src="barkeep_n_07"/>
	</image>
	<image id="Barkeep N 08">
		<layer group="88" image="63"/>
		<layer src="barkeep_n_08"/>
	</image>
	<image id="Barkeep N 09">
		<layer group="88" image="71"/>
		<layer src="barkeep_n_09"/>
	</image>
	<image id="Barkeep N 10">
		<layer group="88" image="79"/>
		<layer src="barkeep_n_10"/>
	</image>
	<image id="Barkeep N 11">
		<layer group="88" image="87"/>
		<layer src="barkeep_n_11"/>
	</image>
	<image id="Barkeep N 12">
		<layer group="88" image="95"/>
		<layer src="barkeep_n_12"/>
	</image>
	<!-- Note: Theatre Vanilla Assets: USE THIS ONE! -->
	<image id="Theatre OFF" width="118" height="98">
		<layer group="46" image="0" x="0" y="0"/>
	</image>
	<!-- Note: Theatre Vanilla REFERENCE Assets: DO NOT USE THESE ONES! -->
	<image id="Theatre F1" width="118" height="98">
		<layer group="this" image="Theatre OFF" x="0" y="0"/>
		<layer group="191" x="34" y="31"/>
		<layer group="46" image="1" x="60" y="32"/>
		<layer src="Theatre_Fix" x="0" y="0"/>
	</image>
	<image id="Theatre F2" width="118" height="98">
		<layer group="this" image="Theatre OFF" x="0" y="0"/>
		<layer group="191" x="34" y="31"/>
		<layer group="46" image="2" x="60" y="32"/>
		<layer src="Theatre_Fix" x="0" y="0"/>
	</image>
	<image id="Theatre F3" width="118" height="98">
		<layer group="this" image="Theatre OFF" x="0" y="0"/>
		<layer group="191" x="34" y="31"/>
		<layer group="46" image="3" x="60" y="32"/>
		<layer src="Theatre_Fix" x="0" y="0"/>
	</image>
	<image id="Theatre F4" width="118" height="98">
		<layer group="this" image="Theatre OFF" x="0" y="0"/>
		<layer group="191" x="34" y="31"/>
		<layer group="46" image="4" x="60" y="32"/>
		<layer src="Theatre_Fix" x="0" y="0"/>
	</image>
	<image id="Theatre F5" width="118" height="98">
		<layer group="this" image="Theatre OFF" x="0" y="0"/>
		<layer group="191" x="34" y="31"/>
		<layer group="46" image="5" x="60" y="32"/>
		<layer src="Theatre_Fix" x="0" y="0"/>
	</image>
	<image id="Theatre F6" width="118" height="98">
		<layer group="this" image="Theatre OFF" x="0" y="0"/>
		<layer group="191" x="34" y="31"/>
		<layer group="46" image="6" x="60" y="32"/>
		<layer src="Theatre_Fix" x="0" y="0"/>
	</image>
	<image id="Theatre F7" width="118" height="98">
		<layer group="this" image="Theatre OFF" x="0" y="0"/>
		<layer group="191" x="34" y="31"/>
		<layer group="46" image="7" x="60" y="32"/>
		<layer src="Theatre_Fix" x="0" y="0"/>
	</image>
	<image id="Theatre F8" width="118" height="98">
		<layer group="this" image="Theatre OFF" x="0" y="0"/>
		<layer group="191" x="34" y="31"/>
		<layer group="46" image="8" x="60" y="32"/>
		<layer src="Theatre_Fix" x="0" y="0"/>
	</image>
	<image id="Theatre F9" width="118" height="98">
		<layer group="this" image="Theatre OFF" x="0" y="0"/>
		<layer group="191" x="34" y="31"/>
		<layer group="46" image="9" x="60" y="32"/>
		<layer src="Theatre_Fix" x="0" y="0"/>
	</image>
	<image id="Theatre F10" width="118" height="98">
		<layer group="this" image="Theatre OFF" x="0" y="0"/>
		<layer group="191" x="34" y="31"/>
		<layer group="46" image="10" x="60" y="32"/>
		<layer src="Theatre_Fix" x="0" y="0"/>
	</image>
	<image id="Theatre F11" width="118" height="98">
		<layer group="this" image="Theatre OFF" x="0" y="0"/>
		<layer group="191" x="34" y="31"/>
		<layer group="46" image="11" x="60" y="32"/>
		<layer src="Theatre_Fix" x="0" y="0"/>
	</image>
	<image id="Theatre F12" width="118" height="98">
		<layer group="this" image="Theatre OFF" x="0" y="0"/>
		<layer group="191" x="34" y="31"/>
		<layer group="46" image="12" x="60" y="32"/>
		<layer src="Theatre_Fix" x="0" y="0"/>
	</image>
	<image id="Theatre F13" width="118" height="98">
		<layer group="this" image="Theatre OFF" x="0" y="0"/>
		<layer group="191" x="34" y="31"/>
		<layer group="46" image="13" x="60" y="32"/>
		<layer src="Theatre_Fix" x="0" y="0"/>
	</image>
	<image id="Theatre F14" width="118" height="98">
		<layer group="this" image="Theatre OFF" x="0" y="0"/>
		<layer group="191" x="34" y="31"/>
		<layer group="46" image="14" x="60" y="32"/>
		<layer src="Theatre_Fix" x="0" y="0"/>
	</image>
	<image id="Theatre F15" width="118" height="98">
		<layer group="this" image="Theatre OFF" x="0" y="0"/>
		<layer group="191" x="34" y="31"/>
		<layer group="46" image="15" x="60" y="32"/>
		<layer src="Theatre_Fix" x="0" y="0"/>
	</image>
	<image id="Theatre F16" width="118" height="98">
		<layer group="this" image="Theatre OFF" x="0" y="0"/>
		<layer group="191" x="34" y="31"/>
		<layer group="46" image="16" x="60" y="32"/>
		<layer src="Theatre_Fix" x="0" y="0"/>
	</image>
	<image id="Theatre F17" width="118" height="98">
		<layer group="this" image="Theatre OFF" x="0" y="0"/>
		<layer group="191" x="34" y="31"/>
		<layer group="46" image="17" x="60" y="32"/>
		<layer src="Theatre_Fix" x="0" y="0"/>
	</image>
	<image id="Theatre F18" width="118" height="98">
		<layer group="this" image="Theatre OFF" x="0" y="0"/>
		<layer group="191" x="34" y="31"/>
		<layer group="46" image="18" x="60" y="32"/>
		<layer src="Theatre_Fix" x="0" y="0"/>
	</image>
	<image id="Theatre F19" width="118" height="98">
		<layer group="this" image="Theatre OFF" x="0" y="0"/>
		<layer group="191" x="34" y="31"/>
		<layer group="46" image="19" x="60" y="32"/>
		<layer src="Theatre_Fix" x="0" y="0"/>
	</image>
	<image id="Theatre F20" width="118" height="98">
		<layer group="this" image="Theatre OFF" x="0" y="0"/>
		<layer group="191" x="34" y="31"/>
		<layer group="46" image="20" x="60" y="32"/>
		<layer src="Theatre_Fix" x="0" y="0"/>
	</image>
	<image id="Theatre F21" width="118" height="98">
		<layer group="this" image="Theatre OFF" x="0" y="0"/>
		<layer group="191" x="34" y="31"/>
		<layer group="46" image="21" x="60" y="32"/>
		<layer src="Theatre_Fix" x="0" y="0"/>
	</image>
	<!-- Note: Theatre Vanilla ON Asset: USE THIS ONE! -->
	<image id="Theatre ON" width="118" height="98">
		<layer group="this" image="Theatre OFF" x="0" y="0"/>
		<animation speed="5" x="0" y="0" reversible="false">
			<frame group="this" image="Theatre F1"/>
			<frame group="this" image="Theatre F2"/>
			<frame group="this" image="Theatre F3"/>
			<frame group="this" image="Theatre F4"/>
			<frame group="this" image="Theatre F5"/>
			<frame group="this" image="Theatre F6"/>
			<frame group="this" image="Theatre F7"/>
			<frame group="this" image="Theatre F8"/>
			<frame group="this" image="Theatre F9"/>
			<frame group="this" image="Theatre F10"/>
			<frame group="this" image="Theatre F11"/>
			<frame group="this" image="Theatre F12"/>
			<frame group="this" image="Theatre F13"/>
			<frame group="this" image="Theatre F14"/>
			<frame group="this" image="Theatre F15"/>
			<frame group="this" image="Theatre F16"/>
			<frame group="this" image="Theatre F17"/>
			<frame group="this" image="Theatre F18"/>
			<frame group="this" image="Theatre F19"/>
			<frame group="this" image="Theatre F20"/>
			<frame group="this" image="Theatre F21"/>
		</animation>
	</image>
	<!-- Note: Theatre Upgrade OFF Asset: USE THIS ONE! -->
	<image id="Theatre Upgrade OFF" width="118" height="101">
		<layer group="this" image="Theatre OFF" x="0" y="3"/>
		<layer src="Theatre_Upgrade_State" x="0" y="0"/>
	</image>
	<!-- Note: Theatre Upgarde REFERENCE Assets: DO NOT USE THESE ONES! -->
	<image id="Theatre UG F1" width="118" height="101">
		<layer group="191" x="34" y="34"/>
		<layer group="46" image="1" x="60" y="35"/>
		<layer src="Theatre_Fix" x="0" y="3"/>
		<layer src="Theatre_Upgrade_State" x="0" y="0"/>
	</image>
	<image id="Theatre UG F2" width="118" height="101">
		<layer group="191" x="34" y="34"/>
		<layer group="46" image="2" x="60" y="35"/>
		<layer src="Theatre_Fix" x="0" y="3"/>
		<layer src="Theatre_Upgrade_State" x="0" y="0"/>
	</image>
	<image id="Theatre UG F3" width="118" height="101">
		<layer group="191" x="34" y="34"/>
		<layer group="46" image="3" x="60" y="35"/>
		<layer src="Theatre_Fix" x="0" y="3"/>
		<layer src="Theatre_Upgrade_State" x="0" y="0"/>
	</image>
	<image id="Theatre UG F4" width="118" height="101">
		<layer group="191" x="34" y="34"/>
		<layer group="46" image="4" x="60" y="35"/>
		<layer src="Theatre_Fix" x="0" y="3"/>
		<layer src="Theatre_Upgrade_State" x="0" y="0"/>
	</image>
	<image id="Theatre UG F5" width="118" height="101">
		<layer group="191" x="34" y="34"/>
		<layer group="46" image="5" x="60" y="35"/>
		<layer src="Theatre_Fix" x="0" y="3"/>
		<layer src="Theatre_Upgrade_State" x="0" y="0"/>
	</image>
	<image id="Theatre UG F6" width="118" height="101">
		<layer group="191" x="34" y="34"/>
		<layer group="46" image="6" x="60" y="35"/>
		<layer src="Theatre_Fix" x="0" y="3"/>
		<layer src="Theatre_Upgrade_State" x="0" y="0"/>
	</image>
	<image id="Theatre UG F7" width="118" height="101">
		<layer group="191" x="34" y="34"/>
		<layer group="46" image="7" x="60" y="35"/>
		<layer src="Theatre_Fix" x="0" y="3"/>
		<layer src="Theatre_Upgrade_State" x="0" y="0"/>
	</image>
	<image id="Theatre UG F8" width="118" height="101">
		<layer group="191" x="34" y="34"/>
		<layer group="46" image="8" x="60" y="35"/>
		<layer src="Theatre_Fix" x="0" y="3"/>
		<layer src="Theatre_Upgrade_State" x="0" y="0"/>
	</image>
	<image id="Theatre UG F9" width="118" height="101">
		<layer group="191" x="34" y="34"/>
		<layer group="46" image="9" x="60" y="35"/>
		<layer src="Theatre_Fix" x="0" y="3"/>
		<layer src="Theatre_Upgrade_State" x="0" y="0"/>
	</image>
	<image id="Theatre UG F10" width="118" height="101">
		<layer group="191" x="34" y="34"/>
		<layer group="46" image="10" x="60" y="35"/>
		<layer src="Theatre_Fix" x="0" y="3"/>
		<layer src="Theatre_Upgrade_State" x="0" y="0"/>
	</image>
	<image id="Theatre UG F11" width="118" height="101">
		<layer group="191" x="34" y="34"/>
		<layer group="46" image="11" x="60" y="35"/>
		<layer src="Theatre_Fix" x="0" y="3"/>
		<layer src="Theatre_Upgrade_State" x="0" y="0"/>
	</image>
	<image id="Theatre UG F12" width="118" height="101">
		<layer group="191" x="34" y="34"/>
		<layer group="46" image="12" x="60" y="35"/>
		<layer src="Theatre_Fix" x="0" y="3"/>
		<layer src="Theatre_Upgrade_State" x="0" y="0"/>
	</image>
	<image id="Theatre UG F13" width="118" height="101">
		<layer group="191" x="34" y="34"/>
		<layer group="46" image="13" x="60" y="35"/>
		<layer src="Theatre_Fix" x="0" y="3"/>
		<layer src="Theatre_Upgrade_State" x="0" y="0"/>
	</image>
	<image id="Theatre UG F14" width="118" height="101">
		<layer group="191" x="34" y="34"/>
		<layer group="46" image="14" x="60" y="35"/>
		<layer src="Theatre_Fix" x="0" y="3"/>
		<layer src="Theatre_Upgrade_State" x="0" y="0"/>
	</image>
	<image id="Theatre UG F15" width="118" height="101">
		<layer group="191" x="34" y="34"/>
		<layer group="46" image="15" x="60" y="35"/>
		<layer src="Theatre_Fix" x="0" y="3"/>
		<layer src="Theatre_Upgrade_State" x="0" y="0"/>
	</image>
	<image id="Theatre UG F16" width="118" height="101">
		<layer group="191" x="34" y="34"/>
		<layer group="46" image="16" x="60" y="35"/>
		<layer src="Theatre_Fix" x="0" y="3"/>
		<layer src="Theatre_Upgrade_State" x="0" y="0"/>
	</image>
	<image id="Theatre UG F17" width="118" height="101">
		<layer group="191" x="34" y="34"/>
		<layer group="46" image="17" x="60" y="35"/>
		<layer src="Theatre_Fix" x="0" y="3"/>
		<layer src="Theatre_Upgrade_State" x="0" y="0"/>
	</image>
	<image id="Theatre UG F18" width="118" height="101">
		<layer group="191" x="34" y="34"/>
		<layer group="46" image="18" x="60" y="35"/>
		<layer src="Theatre_Fix" x="0" y="3"/>
		<layer src="Theatre_Upgrade_State" x="0" y="0"/>
	</image>
	<image id="Theatre UG F19" width="118" height="101">
		<layer group="191" x="34" y="34"/>
		<layer group="46" image="19" x="60" y="35"/>
		<layer src="Theatre_Fix" x="0" y="3"/>
		<layer src="Theatre_Upgrade_State" x="0" y="0"/>
	</image>
	<image id="Theatre UG F20" width="118" height="101">
		<layer group="191" x="34" y="34"/>
		<layer group="46" image="20" x="60" y="35"/>
		<layer src="Theatre_Fix" x="0" y="3"/>
		<layer src="Theatre_Upgrade_State" x="0" y="0"/>
	</image>
	<image id="Theatre UG F21" width="118" height="101">
		<layer group="191" x="34" y="34"/>
		<layer group="46" image="21" x="60" y="35"/>
		<layer src="Theatre_Fix" x="0" y="3"/>
		<layer src="Theatre_Upgrade_State" x="0" y="0"/>
	</image>
	<!-- Note: Theatre Upgrade ON Asset: USE THIS ONE! -->
	<image id="Theatre Upgrade ON" width="118" height="101">
		<layer group="this" image="Theatre Upgrade OFF" x="0" y="0"/>
		<animation speed="5" x="0" y="0" reversible="false">
			<frame group="this" image="Theatre UG F1"/>
			<frame group="this" image="Theatre UG F2"/>
			<frame group="this" image="Theatre UG F3"/>
			<frame group="this" image="Theatre UG F4"/>
			<frame group="this" image="Theatre UG F5"/>
			<frame group="this" image="Theatre UG F6"/>
			<frame group="this" image="Theatre UG F7"/>
			<frame group="this" image="Theatre UG F8"/>
			<frame group="this" image="Theatre UG F9"/>
			<frame group="this" image="Theatre UG F10"/>
			<frame group="this" image="Theatre UG F11"/>
			<frame group="this" image="Theatre UG F12"/>
			<frame group="this" image="Theatre UG F13"/>
			<frame group="this" image="Theatre UG F14"/>
			<frame group="this" image="Theatre UG F15"/>
			<frame group="this" image="Theatre UG F16"/>
			<frame group="this" image="Theatre UG F17"/>
			<frame group="this" image="Theatre UG F18"/>
			<frame group="this" image="Theatre UG F19"/>
			<frame group="this" image="Theatre UG F20"/>
			<frame group="this" image="Theatre UG F21"/>
		</animation>
	</image>
</assetlist>
	