<?xml version="1.0"?>
<!DOCTYPE assetlist>
<!-- Assets created by Areldir based on concept art by Tomasz -->
<assetlist name="Health_Education">
	<!-- Note: School Upgrade Asset -->
	<image id="Upgraded_School" width="118" height="110" isometric="true">
		<layer group="41" x="0" y="18"/>
		<layer src="School_Upgrade_State" x="1" y="0"/>
	</image>
	<!-- Note: Library Cropped Reference Asset: DO NOT USE! -->
	<image id="Library Ref 01" width="118" height="72">
		<layer group="42" x="0" y="-47"/>
	</image>
	<!-- Note: Library Downgrade Asset: USE THIS ONE! -->
	<image id="Downgraded_Library" width="118" height="101" isometric="true">
		<layer group="this" image="Library Ref 01" x="0" y="29"/>
		<layer src="Library_Downgrade_State" x="22" y="0"/>
	</image>
	<!-- Assets created by Areldir -->
	<!-- Note: Fix for Academy pixel clipping -->
	<image id="Academy_Fix" isometric="true">
		<layer group="43" image="0" x="0" y="0"/>
		<layer src="Academy_Fix_Layer" x="150" y="27"/>
	</image>
	<!-- Note: Academy Upgrade Asset -->
	<image id="Upgraded_Academy" isometric="true">
		<layer group="43" image="0" x="0" y="0"/>
		<layer src="Academy_Upgrade_State" x="6" y="20"/>
	</image>
	<!-- Note: Doctor Healing animation frames 01-11 -->
	<image id="Doctor heal" src="Doctor_heal_plague_01"/>
	<image src="Doctor_heal_plague_02"/>
	<image src="Doctor_heal_plague_03"/>
	<image src="Doctor_heal_plague_04"/>
	<image src="Doctor_heal_plague_05"/>
	<image src="Doctor_heal_plague_06"/>
	<!-- Note: College Building Asset -->
	<image id="College" src="College"/>
	<!-- Note: Great Library Construction Phases -->
	<image id="GLib_Cons_01" src="Great_Library_Construction_01"/>
	<image id="GLib_Cons_02" src="Great_Library_Construction_02"/>
	<image id="GLib_Cons_03" src="Great_Library_Construction_03"/>
	<image id="GLib_Cons_04" src="Great_Library_Construction_04"/>
	<!-- Note: Great Library Building Asset -->
	<image id="Great_Library" src="Great_Library"/>
</assetlist>
