<?xml version="1.0"?>
<!DOCTYPE assetlist>

<!-- Unless specifically mentioned, all assets created by Areldir -->
<assetlist name="Military_Buildings">
	<!-- Note: Mess Hall Variants for Central, North and South Climates Respectively -->
	<image id="Mess OFF Central" src="Mess_Hall_Central_OFF"/>
	<image id="Mess OFF North" src="Mess_Hall_North_OFF"/>
	<image id="Mess OFF South" src="Mess_Hall_South_OFF"/>
	<!-- Note: Mess Hall ON Animations for Central, North and South Climates Respectively -->
	<image id="Mess ON Central">
		<layer group="this" image="Mess OFF Central"/>
		<animation speed="6" x="0" y="47" reversible="false">
			<frame src="Mess_Hall_Central_Anim_01"/>
			<frame src="Mess_Hall_Central_Anim_02"/>
			<frame src="Mess_Hall_Central_Anim_03"/>
			<frame src="Mess_Hall_Central_Anim_04"/>
			<frame src="Mess_Hall_Central_Anim_05"/>
		</animation>
	</image>
	<image id="Mess ON North">
		<layer group="this" image="Mess OFF North"/>
		<animation speed="6" x="0" y="47" reversible="false">
			<frame src="Mess_Hall_North_Anim_01"/>
			<frame src="Mess_Hall_North_Anim_02"/>
			<frame src="Mess_Hall_North_Anim_03"/>
			<frame src="Mess_Hall_North_Anim_04"/>
			<frame src="Mess_Hall_North_Anim_05"/>
		</animation>
	</image>
	<image id="Mess ON South">
		<layer group="this" image="Mess OFF South"/>
		<animation speed="6" x="0" y="47" reversible="false">
			<frame src="Mess_Hall_South_Anim_01"/>
			<frame src="Mess_Hall_South_Anim_02"/>
			<frame src="Mess_Hall_South_Anim_03"/>
			<frame src="Mess_Hall_South_Anim_04"/>
			<frame src="Mess_Hall_South_Anim_05"/>
		</animation>
	</image>
	<!-- Note: Mess Hall Walker Portrait -->
	<image id="M Hall Portrait">
		<layer group="190" image="14"/>
		<layer src="mess_walker_portrait_overlay"/>
	</image>
	<!-- Note: Mess Hall Walker Death animation frames 01-08 -->
	<image id="M Hall death 01" src="mess_walker_death_01"/>
	<image id="M Hall death 02" src="mess_walker_death_02"/>
	<image id="M Hall death 03" src="mess_walker_death_03"/>
	<image id="M Hall death 04" src="mess_walker_death_04"/>
	<image id="M Hall death 05" src="mess_walker_death_05"/>
	<image id="M Hall death 06" src="mess_walker_death_06"/>
	<image id="M Hall death 07" src="mess_walker_death_07"/>
	<image id="M Hall death 08" src="mess_walker_death_08"/>
	<!-- Note: Mess Hall Walker Walking animation frames NORTH-EAST DIRECTION 01-12 -->
	<image id="M Hall NE 01" src="mess_walker_ne_01"/>
	<image id="M Hall NE 02" src="mess_walker_ne_02"/>
	<image id="M Hall NE 03" src="mess_walker_ne_03"/>
	<image id="M Hall NE 04" src="mess_walker_ne_04"/>
	<image id="M Hall NE 05" src="mess_walker_ne_05"/>
	<image id="M Hall NE 06" src="mess_walker_ne_06"/>
	<image id="M Hall NE 07" src="mess_walker_ne_07"/>
	<image id="M Hall NE 08" src="mess_walker_ne_08"/>
	<image id="M Hall NE 09" src="mess_walker_ne_09"/>
	<image id="M Hall NE 10" src="mess_walker_ne_10"/>
	<image id="M Hall NE 11" src="mess_walker_ne_11"/>
	<image id="M Hall NE 12" src="mess_walker_ne_12"/>
	<!-- Note: Mess Hall Walker Walking animation frames EAST DIRECTION 01-12 -->
	<image id="M Hall E 01" src="mess_walker_e_01"/>
	<image id="M Hall E 02" src="mess_walker_e_02"/>
	<image id="M Hall E 03" src="mess_walker_e_03"/>
	<image id="M Hall E 04" src="mess_walker_e_04"/>
	<image id="M Hall E 05" src="mess_walker_e_05"/>
	<image id="M Hall E 06" src="mess_walker_e_06"/>
	<image id="M Hall E 07" src="mess_walker_e_07"/>
	<image id="M Hall E 08" src="mess_walker_e_08"/>
	<image id="M Hall E 09" src="mess_walker_e_09"/>
	<image id="M Hall E 10" src="mess_walker_e_10"/>
	<image id="M Hall E 11" src="mess_walker_e_11"/>
	<image id="M Hall E 12" src="mess_walker_e_12"/>
	<!-- Note: Mess Hall Walker Walking animation frames SOUTH-EAST DIRECTION 01-12 -->
	<image id="M Hall SE 01" src="mess_walker_se_01"/>
	<image id="M Hall SE 02" src="mess_walker_se_02"/>
	<image id="M Hall SE 03" src="mess_walker_se_03"/>
	<image id="M Hall SE 04" src="mess_walker_se_04"/>
	<image id="M Hall SE 05" src="mess_walker_se_05"/>
	<image id="M Hall SE 06" src="mess_walker_se_06"/>
	<image id="M Hall SE 07" src="mess_walker_se_07"/>
	<image id="M Hall SE 08" src="mess_walker_se_08"/>
	<image id="M Hall SE 09" src="mess_walker_se_09"/>
	<image id="M Hall SE 10" src="mess_walker_se_10"/>
	<image id="M Hall SE 11" src="mess_walker_se_11"/>
	<image id="M Hall SE 12" src="mess_walker_se_12"/>
	<!-- Note: Mess Hall Walker Walking animation frames SOUTH DIRECTION 01-12 -->
	<image id="M Hall S 01" src="mess_walker_s_01"/>
	<image id="M Hall S 02" src="mess_walker_s_02"/>
	<image id="M Hall S 03" src="mess_walker_s_03"/>
	<image id="M Hall S 04" src="mess_walker_s_04"/>
	<image id="M Hall S 05" src="mess_walker_s_05"/>
	<image id="M Hall S 06" src="mess_walker_s_06"/>
	<image id="M Hall S 07" src="mess_walker_s_07"/>
	<image id="M Hall S 08" src="mess_walker_s_08"/>
	<image id="M Hall S 09" src="mess_walker_s_09"/>
	<image id="M Hall S 10" src="mess_walker_s_10"/>
	<image id="M Hall S 11" src="mess_walker_s_11"/>
	<image id="M Hall S 12" src="mess_walker_s_12"/>
	<!-- Note: Mess Hall Walker Walking animation frames SOUTH-WEST DIRECTION 01-12 -->
	<image id="M Hall SW 01" src="mess_walker_sw_01"/>
	<image id="M Hall SW 02" src="mess_walker_sw_02"/>
	<image id="M Hall SW 03" src="mess_walker_sw_03"/>
	<image id="M Hall SW 04" src="mess_walker_sw_04"/>
	<image id="M Hall SW 05" src="mess_walker_sw_05"/>
	<image id="M Hall SW 06" src="mess_walker_sw_06"/>
	<image id="M Hall SW 07" src="mess_walker_sw_07"/>
	<image id="M Hall SW 08" src="mess_walker_sw_08"/>
	<image id="M Hall SW 09" src="mess_walker_sw_09"/>
	<image id="M Hall SW 10" src="mess_walker_sw_10"/>
	<image id="M Hall SW 11" src="mess_walker_sw_11"/>
	<image id="M Hall SW 12" src="mess_walker_sw_12"/>
	<!-- Note: Mess Hall Walker Walking animation frames WEST DIRECTION 01-12 -->
	<image id="M Hall W 01" src="mess_walker_w_01"/>
	<image id="M Hall W 02" src="mess_walker_w_02"/>
	<image id="M Hall W 03" src="mess_walker_w_03"/>
	<image id="M Hall W 04" src="mess_walker_w_04"/>
	<image id="M Hall W 05" src="mess_walker_w_05"/>
	<image id="M Hall W 06" src="mess_walker_w_06"/>
	<image id="M Hall W 07" src="mess_walker_w_07"/>
	<image id="M Hall W 08" src="mess_walker_w_08"/>
	<image id="M Hall W 09" src="mess_walker_w_09"/>
	<image id="M Hall W 10" src="mess_walker_w_10"/>
	<image id="M Hall W 11" src="mess_walker_w_11"/>
	<image id="M Hall W 12" src="mess_walker_w_12"/>
	<!-- Note: Mess Hall Walker Walking animation frames NORTH-WEST DIRECTION 01-12 -->
	<image id="M Hall NW 01" src="mess_walker_nw_01"/>
	<image id="M Hall NW 02" src="mess_walker_nw_02"/>
	<image id="M Hall NW 03" src="mess_walker_nw_03"/>
	<image id="M Hall NW 04" src="mess_walker_nw_04"/>
	<image id="M Hall NW 05" src="mess_walker_nw_05"/>
	<image id="M Hall NW 06" src="mess_walker_nw_06"/>
	<image id="M Hall NW 07" src="mess_walker_nw_07"/>
	<image id="M Hall NW 08" src="mess_walker_nw_08"/>
	<image id="M Hall NW 09" src="mess_walker_nw_09"/>
	<image id="M Hall NW 10" src="mess_walker_nw_10"/>
	<image id="M Hall NW 11" src="mess_walker_nw_11"/>
	<image id="M Hall NW 12" src="mess_walker_nw_12"/>
	<!-- Note: Mess Hall Walker Walking animation frames NORTH DIRECTION 01-12 -->
	<image id="M Hall N 01" src="mess_walker_n_01"/>
	<image id="M Hall N 02" src="mess_walker_n_02"/>
	<image id="M Hall N 03" src="mess_walker_n_03"/>
	<image id="M Hall N 04" src="mess_walker_n_04"/>
	<image id="M Hall N 05" src="mess_walker_n_05"/>
	<image id="M Hall N 06" src="mess_walker_n_06"/>
	<image id="M Hall N 07" src="mess_walker_n_07"/>
	<image id="M Hall N 08" src="mess_walker_n_08"/>
	<image id="M Hall N 09" src="mess_walker_n_09"/>
	<image id="M Hall N 10" src="mess_walker_n_10"/>
	<image id="M Hall N 11" src="mess_walker_n_11"/>
	<image id="M Hall N 12" src="mess_walker_n_12"/>
	<!-- Note: Watchtower OFF and ON states for Central Climate Respectively -->
	<image id="Watchtower C OFF" src="Watchtower_Central_OFF"/>
	<image id="Watchtower C ON">
		<layer group="this" image="Watchtower C OFF"/>
		<animation speed="8" x="54" y="49" reversible="false">
			<frame src="Watchtower_Central_ON_01"/>
			<frame src="Watchtower_Central_ON_02"/>
			<frame src="Watchtower_Central_ON_03"/>
			<frame src="Watchtower_Central_ON_04"/>
			<frame src="Watchtower_Central_ON_05"/>
		</animation>
	</image>
	<!-- Note: Watchtower OFF and ON states for North Climate Respectively -->
	<image id="Watchtower N OFF" src="Watchtower_North_OFF"/>
	<image id="Watchtower N ON">
		<layer group="this" image="Watchtower N OFF"/>
		<animation speed="8" x="54" y="49" reversible="false">
			<frame src="Watchtower_North_ON_01"/>
			<frame src="Watchtower_North_ON_02"/>
			<frame src="Watchtower_North_ON_03"/>
			<frame src="Watchtower_North_ON_04"/>
			<frame src="Watchtower_North_ON_05"/>
		</animation>
	</image>
	<!-- Note: Watchtower OFF and ON states for South Climate Respectively -->
	<image id="Watchtower S OFF" src="Watchtower_South_OFF"/>
	<image id="Watchtower S ON">
		<layer group="this" image="Watchtower S OFF"/>
		<animation speed="8" x="54" y="49" reversible="false">
			<frame src="Watchtower_South_ON_01"/>
			<frame src="Watchtower_South_ON_02"/>
			<frame src="Watchtower_South_ON_03"/>
			<frame src="Watchtower_South_ON_04"/>
			<frame src="Watchtower_South_ON_05"/>
		</animation>
	</image>
	<!-- Note: Assets for Palisade CENTRAL CLIMATE all directions and intersection variants. There are 6 variants for each direction of straight wall (01-06 & 07r-12r), which could randomize? -->
	<image id="Pal Wall C 01" src="Palisade_C_01"/>
	<image id="Pal Wall C 02" src="Palisade_C_02"/>
	<image id="Pal Wall C 03" src="Palisade_C_03"/>
	<image id="Pal Wall C 04" src="Palisade_C_04"/>
	<image id="Pal Wall C 05" src="Palisade_C_05"/>
	<image id="Pal Wall C 06" src="Palisade_C_06"/>
	<image id="Pal Wall C 07r" src="Palisade_C_07"/>
	<image id="Pal Wall C 08r" src="Palisade_C_08"/>
	<image id="Pal Wall C 09r" src="Palisade_C_09"/>
	<image id="Pal Wall C 10r" src="Palisade_C_10"/>
	<image id="Pal Wall C 11r" src="Palisade_C_11"/>
	<image id="Pal Wall C 12r" src="Palisade_C_12"/>
	<image id="Pal Wall C 13" src="Palisade_C_13"/>
	<image id="Pal Wall C 14" src="Palisade_C_14"/>
	<image id="Pal Wall C 15" src="Palisade_C_15"/>
	<image id="Pal Wall C 16" src="Palisade_C_16"/>
	<image id="Pal Wall C 17" src="Palisade_C_17"/>
	<image id="Pal Wall C 18" src="Palisade_C_18"/>
	<image id="Pal Wall C 19" src="Palisade_C_19"/>
	<image id="Pal Wall C 20" src="Palisade_C_20"/>
	<image id="Pal Wall C 21" src="Palisade_C_21"/>
	<!-- Note: Assets for Palisade NORTH CLIMATE all directions and intersection variants. There are 6 variants for each direction of straight wall (01-06 & 07r-12r), which could randomize? -->
	<image id="Pal Wall N 01" src="Palisade_N_01"/>
	<image id="Pal Wall N 02" src="Palisade_N_02"/>
	<image id="Pal Wall N 03" src="Palisade_N_03"/>
	<image id="Pal Wall N 04" src="Palisade_N_04"/>
	<image id="Pal Wall N 05" src="Palisade_N_05"/>
	<image id="Pal Wall N 06" src="Palisade_N_06"/>
	<image id="Pal Wall N 07r" src="Palisade_N_07"/>
	<image id="Pal Wall N 08r" src="Palisade_N_08"/>
	<image id="Pal Wall N 09r" src="Palisade_N_09"/>
	<image id="Pal Wall N 10r" src="Palisade_N_10"/>
	<image id="Pal Wall N 11r" src="Palisade_N_11"/>
	<image id="Pal Wall N 12r" src="Palisade_N_12"/>
	<image id="Pal Wall N 13" src="Palisade_N_13"/>
	<image id="Pal Wall N 14" src="Palisade_N_14"/>
	<image id="Pal Wall N 15" src="Palisade_N_15"/>
	<image id="Pal Wall N 16" src="Palisade_N_16"/>
	<image id="Pal Wall N 17" src="Palisade_N_17"/>
	<image id="Pal Wall N 18" src="Palisade_N_18"/>
	<image id="Pal Wall N 19" src="Palisade_N_19"/>
	<image id="Pal Wall N 20" src="Palisade_N_20"/>
	<image id="Pal Wall N 21" src="Palisade_N_21"/>
	<!-- Note: Assets for Palisade SOUTH CLIMATE all directions and intersection variants. There are 6 variants for each direction of straight wall (01-06 & 07r-12r), which could randomize? -->
	<image id="Pal Wall S 01" src="Palisade_S_01"/>
	<image id="Pal Wall S 02" src="Palisade_S_02"/>
	<image id="Pal Wall S 03" src="Palisade_S_03"/>
	<image id="Pal Wall S 04" src="Palisade_S_04"/>
	<image id="Pal Wall S 05" src="Palisade_S_05"/>
	<image id="Pal Wall S 06" src="Palisade_S_06"/>
	<image id="Pal Wall S 07r" src="Palisade_S_07"/>
	<image id="Pal Wall S 08r" src="Palisade_S_08"/>
	<image id="Pal Wall S 09r" src="Palisade_S_09"/>
	<image id="Pal Wall S 10r" src="Palisade_S_10"/>
	<image id="Pal Wall S 11r" src="Palisade_S_11"/>
	<image id="Pal Wall S 12r" src="Palisade_S_12"/>
	<image id="Pal Wall S 13" src="Palisade_S_13"/>
	<image id="Pal Wall S 14" src="Palisade_S_14"/>
	<image id="Pal Wall S 15" src="Palisade_S_15"/>
	<image id="Pal Wall S 16" src="Palisade_S_16"/>
	<image id="Pal Wall S 17" src="Palisade_S_17"/>
	<image id="Pal Wall S 18" src="Palisade_S_18"/>
	<image id="Pal Wall S 19" src="Palisade_S_19"/>
	<image id="Pal Wall S 20" src="Palisade_S_20"/>
	<image id="Pal Wall S 21" src="Palisade_S_21"/>
</assetlist>
