<?xml version="1.0"?>
<!DOCTYPE assetlist>
	<!-- Unless specifically mentioned, all assets created by Areldir -->
	<assetlist name="Minor_Monuments">
		<!-- Note: Large Temple and Oracle Construction 0% Phases -->
		<image id="Oracle Cons" src="Oracle_Construction_0%"/>
		<!-- Note: Lararium asset -->
		<image id="Lararium 01" src="Lararium"/>
		<!-- Note: Nymphaeum OFF asset -->
		<image id="Nymphaeum OFF" src="Nymphaeum_OFF"/>
		<!-- Note: Nymphaeum ON Animation -->
		<image id="Nymphaeum ON" width="178" height="158">
			<layer group="this" image="Nymphaeum OFF"/>
			<animation speed="5" x="66" y="86" reversible="false">
				<frame src="Nymphaeum_ON_01"/>
				<frame src="Nymphaeum_ON_02"/>
				<frame src="Nymphaeum_ON_03"/>
				<frame src="Nymphaeum_ON_04"/>
				<frame src="Nymphaeum_ON_05"/>
				<frame src="Nymphaeum_ON_06"/>
			</animation>
		</image>
		<!-- Note: Large Mausoleum Construction 0% Phase -->
		<image id="Mausoleum L Cons" src="Mausoleum_Large_Construction_0%"/>
		<!-- Note: Large Mausoleum asset -->
		<image id="Mausoleum L" src="Mausoleum_Large"/>
		<!-- Note: Small Mausoleum Construction 0% Phase -->
		<image id="Mausoleum S Cons" src="Mausoleum_Small_Construction_0%"/>
		<!-- Note: Small Mausoleum asset -->
		<image id="Mausoleum S" src="Mausoleum_Small"/>
		<!-- Note: Small Mausoleum asset (Rotation Variant) -->
		<image id="Mausoleum S R" src="Mausoleum_Small_R"/>
	</assetlist>