<?xml version="1.0"?>
<!DOCTYPE assetlist>
<!-- Unless specifically mentioned, all assets created by Areldir -->
<assetlist name="Religion">
	<!-- Note: 3x3 construction base footprint (Asset by Areldir) REFERENCE ASSET: DO NOT USE! -->
	<image id="const_base_3x3" src="Construction_Base_3x3" isometric="true"/>
	<!-- Note: Grand Temple 0% construction Reference Assets DO NOT USE -->
	<image id="GT_Cons_Base_r" width="418" height="219" isometric="true">
		<layer src="Grand_Temple_Construction_Base_01"/>
		<layer src="Grand_Temple_Construction_Base_02" x="90" y="141"/>
	</image>
	<!-- Note: Ceres Complex Reference Assets DO NOT USE -->
	<image id="Ceres_LT_0" isometric="true">
		<layer group="this" image="const_base_3x3" x="0" y="0"/>
		<layer src="Ceres_Temple_Construction_01" x="0" y="0"/>
	</image>
	<image id="Ceres_LT_25" width="178" height="159">
		<layer group="71" image="1" part="footprint" x="0" y="0"/>
		<layer src="Ceres_Temple_Construction_02" x="0" y="59"/>
	</image>
	<image id="Ceres_LT_50" width="178" height="159">
		<layer group="71" image="1" part="footprint" x="0" y="0"/>
		<layer src="Ceres_Temple_Construction_03" x="0" y="26"/>
	</image>
	<image id="Ceres_LT_75" width="178" height="159">
		<layer group="this" image="Ceres_LT_50" x="0" y="0"/>
		<layer src="Ceres_Temple_Construction_04" x="44" y="8"/>
	</image>
	<!-- Note: Ceres Complex Construction 01-05 are the 0%, 25%, 50%, 75% and 100% construction phases respectively -->
	<image id="Ceres Complex Const 01" width="418" height="234" isometric="true">
		<layer src="Grand_Temple_Construction_Base_01" x="0" y="15"/>
		<layer group="this" image="Ceres_LT_0" x="90" y="60"/>
	</image>
	<image id="Ceres Complex Const 02" width="418" height="234" isometric="true">
		<layer src="Grand_Temple_Construction_Base_01" x="0" y="15"/>
		<layer src="Ceres_GT_Construction_Shadow_01" x="166" y="41"/>
		<layer group="this" image="Ceres_LT_25" x="90" y="0"/>
	</image>
	<image id="Ceres Complex Const 03" width="418" height="234" isometric="true">
		<layer src="Grand_Temple_Construction_Base_01" x="0" y="15"/>
		<layer src="Ceres_GT_Construction_Shadow_01" x="166" y="41"/>
		<layer group="this" image="Ceres_LT_50" x="90" y="0"/>
	</image>
	<image id="Ceres Complex Const 04" width="418" height="234" isometric="true">
		<layer src="Grand_Temple_Construction_Base_01" x="0" y="15"/>
		<layer src="Ceres_GT_Construction_Shadow_02" x="166" y="41"/>
		<layer group="this" image="Ceres_LT_75" x="90" y="0"/>
	</image>
	<image id="Ceres Complex Const 05" width="418" height="234" isometric="true">
		<layer src="Grand_Temple_Construction_Base_01" x="0" y="15"/>
		<layer src="Ceres_GT_Construction_Shadow_02" x="166" y="41"/>
		<layer group="71" image="1" x="90" y="0"/>
	</image>
	<!-- Note: Ceres Complex ON/OFF States -->
	<image id="Ceres Complex Off" width="418" height="234" isometric="true">
		<layer src="Ceres_Temple_Complex_Base_Layer" x="0" y="3"/>
		<layer group="71" image="1" x="90" y="0"/>
		<layer src="Ceres_Temple_Complex_Top_Layer" x="59" y="87"/>
	</image>
	<image id="Ceres Complex On" width="418" height="234" isometric="true">
		<layer src="Ceres_Temple_Complex_Base_Layer" x="0" y="3"/>
		<layer group="71" image="1" x="90" y="0"/>
		<layer src="Ceres_Temple_Complex_On_Layer" x="199" y="125"/>
		<layer src="Ceres_Temple_Complex_Top_Layer" x="59" y="87"/>
	</image>
	<!-- Note: Ceres Complex Module Animation (Priests collect/dristribute food)(USE THIS ONE!!) -->
	<image id="Ceres Complex Module" width="418" height="234" isometric="true">
		<layer group="this" image="Ceres Complex Off"/>
		<animation speed="6" x="230" y="110" reversible="false">
			<frame src="farmer_01"/>
			<frame src="farmer_02"/>
			<frame src="farmer_03"/>
			<frame src="farmer_04"/>
			<frame src="farmer_05"/>
			<frame src="farmer_06"/>
			<frame src="farmer_07"/>
			<frame src="farmer_08"/>
			<frame src="farmer_09"/>
			<frame src="farmer_10"/>
			<frame src="farmer_11"/>
		</animation>
	</image>
	<!-- Note: Ceres Complex Module Extra Animation (Priests collect/dristribute food)(USE THIS ONE!!) -->
	<image src="Ceres_Temple_Complex_Module_01" id="Ceres Module 1 Crop"/>
	<image>
		<layer src="Ceres_Temple_Complex_Module_01"/>
		<layer src="Ceres_Temple_Complex_Module_02" x="6" y="23"/>
	</image>
	<image>
		<layer src="Ceres_Temple_Complex_Module_01"/>
		<layer src="Ceres_Temple_Complex_Module_03" x="5" y="17"/>
	</image>
	<image>
		<layer src="Ceres_Temple_Complex_Module_01"/>
		<layer src="Ceres_Temple_Complex_Module_04" x="5" y="5"/>
	</image>
	<image>
		<layer src="Ceres_Temple_Complex_Module_01"/>
		<layer src="Ceres_Temple_Complex_Module_05" x="5" y="5"/>
	</image>
	<!-- Note: Ceres Complex Module2 Animation Reference Assets (DO NOT USE!!) -->
	<image id="Ceres_Temple_Complex_Module2_01" width="146" height="95">
		<layer src="Ceres_Temple_Complex_Module2_Base" x="0" y="0"/>
		<layer src="Ceres_Temple_Complex_Module2_01" x="45" y="24"/>
	</image>
	<image id="Ceres_Temple_Complex_Module2_02" width="146" height="95">
		<layer src="Ceres_Temple_Complex_Module2_Base" x="0" y="0"/>
		<layer src="Ceres_Temple_Complex_Module2_02" x="45" y="24"/>
	</image>
	<image id="Ceres_Temple_Complex_Module2_03" width="146" height="95">
		<layer src="Ceres_Temple_Complex_Module2_Base" x="0" y="0"/>
		<layer src="Ceres_Temple_Complex_Module2_03" x="45" y="24"/>
	</image>
	<!-- Note: Ceres Complex Module2 Animation (Priests reduce food consumption) -->
	<image id="Ceres Complex Module2" width="418" height="234" isometric="true">
		<layer group="this" image="Ceres Complex Off"/>
		<animation speed="6" x="190" y="95" reversible="true">
			<frame group="this" image="Ceres_Temple_Complex_Module2_01"/>
			<frame group="this" image="Ceres_Temple_Complex_Module2_02"/>
			<frame group="this" image="Ceres_Temple_Complex_Module2_03"/>
		</animation>
	</image>
	<!-- Note: Mars Complex Reference Assets DO NOT USE -->
	<image id="Mars_LT_0" isometric="true">
		<layer group="this" image="const_base_3x3" x="0" y="0"/>
		<layer src="Mars_Temple_Construction_01" x="0" y="0"/>
	</image>
	<image id="Mars_LT_25" width="178" height="148">
		<layer group="74" image="1" part="footprint" x="0" y="0"/>
		<layer src="Mars_Temple_Construction_02" x="0" y="44"/>
	</image>
	<image id="Mars_LT_50" width="178" height="148">
		<layer group="74" image="1" part="footprint" x="0" y="0"/>
		<layer src="Mars_Temple_Construction_03" x="0" y="27"/>
	</image>
	<image id="Mars_LT_75" width="178" height="148">
		<layer group="this" image="Mars_LT_50" x="0" y="0"/>
		<layer src="Mars_Temple_Construction_04" x="27" y="7"/>
	</image>
	<!-- Note: Mars Complex Construction 01-05 are the 0%, 25%, 50%, 75% and 100% construction phases respectively -->
	<image id="Mars Complex Const 01" width="418" height="223" isometric="true">
		<layer src="Grand_Temple_Construction_Base_01" x="0" y="4"/>
		<layer group="this" image="Mars_LT_0" x="90" y="49"/>
	</image>
	<image id="Mars Complex Const 02" width="418" height="223" isometric="true">
		<layer src="Grand_Temple_Construction_Base_01" x="0" y="4"/>
		<layer src="Mars_GT_Construction_Shadow_01" x="163" y="22"/>
		<layer group="this" image="Mars_LT_25" x="90" y="0"/>
	</image>
	<image id="Mars Complex Const 03" width="418" height="223" isometric="true">
		<layer src="Grand_Temple_Construction_Base_01" x="0" y="4"/>
		<layer src="Mars_GT_Construction_Shadow_02" x="163" y="22"/>
		<layer group="this" image="Mars_LT_50" x="90" y="0"/>
	</image>
	<image id="Mars Complex Const 04" width="418" height="223" isometric="true">
		<layer src="Grand_Temple_Construction_Base_01" x="0" y="4"/>
		<layer src="Mars_GT_Construction_Shadow_02" x="163" y="22"/>
		<layer group="this" image="Mars_LT_75" x="90" y="0"/>
	</image>
	<image id="Mars Complex Const 05" width="418" height="223" isometric="true">
		<layer src="Grand_Temple_Construction_Base_01" x="0" y="4"/>
		<layer src="Mars_GT_Construction_Shadow_03" x="163" y="22"/>
		<layer group="74" image="1" x="90" y="0"/>
	</image>
	<!-- Note: Mars Complex ON/OFF States -->
	<image id="Mars Complex Off" width="418" height="231" isometric="true">
		<layer src="Mars_Temple_Complex_Base_Layer"/>
		<layer group="74" image="1" x="90" y="8"/>
		<layer src="Ceres_Temple_Complex_Top_Layer" x="59" y="83"/>
		<layer src="Mars_Temple_Complex_Top_Layer" x="213" y="153"/>
	</image>
	<image id="Mars Complex On" width="418" height="231" isometric="true">
		<layer group="this" image="Mars Complex Off"/>
		<layer src="Mars_Temple_Complex_On_Layer" x="199" y="121"/>
	</image>
	<!-- Note: Mars Complex Module Animation Reference Assets (DO NOT USE!!) -->
	<image id="Mars_Temple_Complex_Module2_01" width="140" height="80">
		<layer src="Mars_Temple_Complex_Module2_Base" x="0" y="0"/>
		<layer src="Mars_Temple_Complex_Module2_01" x="40" y="19"/>
	</image>
	<image id="Mars_Temple_Complex_Module2_02" width="140" height="80">
		<layer src="Mars_Temple_Complex_Module2_Base" x="0" y="0"/>
		<layer src="Mars_Temple_Complex_Module2_02" x="40" y="19"/>
	</image>
	<image id="Mars_Temple_Complex_Module2_03" width="140" height="80">
		<layer src="Mars_Temple_Complex_Module2_Base" x="0" y="0"/>
		<layer src="Mars_Temple_Complex_Module2_03" x="40" y="19"/>
	</image>
	<!-- Note: Mars Complex Module Animation (Priests buff Mess Hall) -->
	<image id="Mars Complex Module" width="418" height="231" isometric="true">
		<layer group="this" image="Mars Complex Off"/>
		<animation speed="6" x="191" y="97" reversible="true">
			<frame group="this" image="Mars_Temple_Complex_Module2_01"/>
			<frame group="this" image="Mars_Temple_Complex_Module2_02"/>
			<frame group="this" image="Mars_Temple_Complex_Module2_03"/>
		</animation>
	</image>
	<!-- Note: Mars Complex Module Animation Reference Assets (DO NOT USE!!) -->
	<image id="Mars_Temple_Complex_Module_01" width="100" height="73">
		<layer src="Mars_Temple_Complex_Module_Base" x="0" y="0"/>
		<layer src="Mars_Temple_Complex_Module_01" x="22" y="0"/>
	</image>
	<image id="Mars_Temple_Complex_Module_02" width="100" height="73">
		<layer src="Mars_Temple_Complex_Module_Base" x="0" y="0"/>
		<layer src="Mars_Temple_Complex_Module_02" x="22" y="0"/>
	</image>
	<image id="Mars_Temple_Complex_Module_03" width="100" height="73">
		<layer src="Mars_Temple_Complex_Module_Base" x="0" y="0"/>
		<layer src="Mars_Temple_Complex_Module_03" x="22" y="0"/>
	</image>
	<image id="Mars_Temple_Complex_Module_04" width="100" height="73">
		<layer src="Mars_Temple_Complex_Module_Base" x="0" y="0"/>
		<layer src="Mars_Temple_Complex_Module_04" x="22" y="0"/>
	</image>
	<image id="Mars_Temple_Complex_Module_05" width="100" height="73">
		<layer src="Mars_Temple_Complex_Module_Base" x="0" y="0"/>
		<layer src="Mars_Temple_Complex_Module_05" x="22" y="0"/>
	</image>
	<!-- Note: Mars Complex Module2 Animation (Priests reduce goods consumption) -->
	<image id="Mars Complex Module2" width="418" height="231" isometric="true">
		<layer group="this" image="Mars Complex Off"/>
		<animation speed="6" x="211" y="105" reversible="false">
			<frame group="this" image="Mars_Temple_Complex_Module_01"/>
			<frame group="this" image="Mars_Temple_Complex_Module_02"/>
			<frame group="this" image="Mars_Temple_Complex_Module_03"/>
			<frame group="this" image="Mars_Temple_Complex_Module_04"/>
			<frame group="this" image="Mars_Temple_Complex_Module_05"/>
		</animation>
	</image>
	<!-- Note: Mercury Complex Reference Assets DO NOT USE -->
	<image id="Mercury_LT_0" isometric="true">
		<layer group="this" image="const_base_3x3" x="0" y="0"/>
		<layer src="Mercury_Temple_Construction_01" x="0" y="0"/>
	</image>
	<image id="Mercury_LT_25" width="178" height="148">
		<layer group="73" image="1" part="footprint" x="0" y="0"/>
		<layer src="Mercury_Temple_Construction_02" x="0" y="41"/>
	</image>
	<image id="Mercury_LT_50" width="178" height="148">
		<layer group="73" image="1" part="footprint" x="0" y="0"/>
		<layer src="Mercury_Temple_Construction_03" x="0" y="16"/>
	</image>
	<image id="Mercury_LT_75" width="178" height="148">
		<layer group="this" image="Mercury_LT_50" x="0" y="0"/>
		<layer src="Mercury_Temple_Construction_04" x="51" y="8"/>
	</image>
	<!-- Note: Mercury Complex Construction 01-05 are the 0%, 25%, 50%, 75% and 100% construction phases respectively -->
	<image id="Mercury Complex Const 01" width="418" height="223" isometric="true">
		<layer group="this" image="GT_Cons_Base_r" x="0" y="4"/>
		<layer group="this" image="Mercury_LT_0" x="150" y="49"/>
	</image>
	<image id="Mercury Complex Const 02" width="418" height="223" isometric="true">
		<layer group="this" image="GT_Cons_Base_r" x="0" y="4"/>
		<layer src="Mercury_GT_Construction_Shadow_01" x="237" y="37"/>
		<layer group="this" image="Mercury_LT_25" x="150" y="0"/>
	</image>
	<image id="Mercury Complex Const 03" width="418" height="223" isometric="true">
		<layer group="this" image="GT_Cons_Base_r" x="0" y="4"/>
		<layer src="Mercury_GT_Construction_Shadow_02" x="311" y="65"/>
		<layer group="this" image="Mercury_LT_50" x="150" y="0"/>
	</image>
	<image id="Mercury Complex Const 04" width="418" height="223" isometric="true">
		<layer group="this" image="GT_Cons_Base_r" x="0" y="4"/>
		<layer src="Mercury_GT_Construction_Shadow_02" x="311" y="65"/>
		<layer group="this" image="Mercury_LT_75" x="150" y="0"/>
	</image>
	<image id="Mercury Complex Const 05" width="418" height="223" isometric="true">
		<layer group="this" image="GT_Cons_Base_r" x="0" y="4"/>
		<layer src="Mercury_GT_Construction_Shadow_02" x="311" y="65"/>
		<layer group="73" image="1" x="150" y="0"/>
	</image>
	<!-- Note: Mercury Complex ON/OFF States -->
	<image id="Mercury Complex Off" width="418" height="231" isometric="true">
		<layer src="Mercury_Temple_Complex_Base_Layer"/>
		<layer group="73" image="1" x="150" y="8"/>
		<layer src="Mercury_Temple_Complex_Top_Layer" x="199" y="79"/>
	</image>
	<image id="Mercury Complex On" width="418" height="231" isometric="true">
		<layer group="this" image="Mercury Complex Off"/>
		<layer src="Mercury_Temple_Complex_On_Layer" x="135" y="117"/>
	</image>
	<!-- Note: Mercury Complex Module Animation Reference Assets (DO NOT USE!!) -->
	<image id="Mercury_Temple_Complex_Module_01" width="118" height="77">
		<layer src="Mercury_Temple_Complex_Module_Base" x="0" y="0"/>
		<layer src="Mercury_Temple_Complex_Module_01" x="49" y="5"/>
	</image>
	<image id="Mercury_Temple_Complex_Module_02" width="118" height="77">
		<layer src="Mercury_Temple_Complex_Module_Base" x="0" y="0"/>
		<layer src="Mercury_Temple_Complex_Module_02" x="49" y="5"/>
	</image>
	<image id="Mercury_Temple_Complex_Module_03" width="118" height="77">
		<layer src="Mercury_Temple_Complex_Module_Base" x="0" y="0"/>
		<layer src="Mercury_Temple_Complex_Module_03" x="49" y="5"/>
	</image>
	<!-- Note: Mercury Complex Module Animation (Priests reduce Oil/Wine consumption) -->
	<image id="Mercury Complex Module" width="418" height="231" isometric="true">
		<layer group="this" image="Mercury Complex Off"/>
		<animation speed="5" x="115" y="105" reversible="true">
			<frame group="this" image="Mercury_Temple_Complex_Module_01"/>
			<frame group="this" image="Mercury_Temple_Complex_Module_02"/>
			<frame group="this" image="Mercury_Temple_Complex_Module_03"/>
		</animation>
	</image>
	<!-- Note: Mercury Complex Module2 Animation Reference Assets (DO NOT USE!!) -->
	<image id="Mercury_Temple_Complex_Module2_01" width="137" height="76">
		<layer src="Mercury_Temple_Complex_Module2_Base" x="0" y="0"/>
		<layer src="Mercury_Temple_Complex_Module_01" x="67" y="15"/>
	</image>
	<image id="Mercury_Temple_Complex_Module2_02" width="137" height="76">
		<layer src="Mercury_Temple_Complex_Module2_Base" x="0" y="0"/>
		<layer src="Mercury_Temple_Complex_Module_02" x="67" y="15"/>
	</image>
	<image id="Mercury_Temple_Complex_Module2_03" width="137" height="76">
		<layer src="Mercury_Temple_Complex_Module2_Base" x="0" y="0"/>
		<layer src="Mercury_Temple_Complex_Module_03" x="67" y="15"/>
	</image>
	<!-- Note: Mercury Complex Module2 Animation (Priests reduce Pottery/Furniture consumption) -->
	<image id="Mercury Complex Module2" width="418" height="231" isometric="true">
		<layer group="this" image="Mercury Complex Off"/>
		<animation speed="5" x="94" y="103" reversible="true">
			<frame group="this" image="Mercury_Temple_Complex_Module2_01"/>
			<frame group="this" image="Mercury_Temple_Complex_Module2_02"/>
			<frame group="this" image="Mercury_Temple_Complex_Module2_03"/>
		</animation>
	</image>
	<!-- Note: Neptune Complex Reference Assets DO NOT USE -->
	<image id="Neptune_LT_0" isometric="true">
		<layer group="this" image="const_base_3x3" x="0" y="0"/>
		<layer src="Neptune_Temple_Construction_01" x="0" y="0"/>
	</image>
	<image id="Neptune_LT_25" width="178" height="154">
		<layer group="72" image="1" part="footprint" x="0" y="0"/>
		<layer src="Neptune_Temple_Construction_02" x="0" y="50"/>
	</image>
	<image id="Neptune_LT_50" width="178" height="154">
		<layer group="72" image="1" part="footprint" x="0" y="0"/>
		<layer src="Neptune_Temple_Construction_03" x="0" y="29"/>
	</image>
	<image id="Neptune_LT_75" width="178" height="154">
		<layer group="72" image="1" part="footprint" x="0" y="0"/>
		<layer src="Neptune_Temple_Construction_04" x="0" y="8"/>
	</image>
	<!-- Note: Neptune Large Temple Off state for NO Reservoir Access -->
	<image id="Neptune LTemple Off" width="178" height="154">
		<layer group="72" image="1" y="0"/>
		<layer src="Neptune_Temple_Ponds_Off" x="21" y="55"/>
	</image>
	<!-- Note: Neptune Complex Construction 01-05 are the 0%, 25%, 50%, 75% and 100% construction phases respectively -->
	<image id="Neptune Complex Const 01" width="418" height="229" isometric="true">
		<layer group="this" image="GT_Cons_Base_r" x="0" y="10"/>
		<layer group="this" image="Neptune_LT_0" x="150" y="55"/>
	</image>
	<image id="Neptune Complex Const 02" width="418" height="229" isometric="true">
		<layer group="this" image="GT_Cons_Base_r" x="0" y="10"/>
		<layer src="Neptune_GT_Construction_Shadow_01" x="224" y="41"/>
		<layer group="this" image="Neptune_LT_25" x="150" y="0"/>
	</image>
	<image id="Neptune Complex Const 03" width="418" height="229" isometric="true">
		<layer group="this" image="GT_Cons_Base_r" x="0" y="10"/>
		<layer src="Neptune_GT_Construction_Shadow_02" x="284" y="57"/>
		<layer group="this" image="Neptune_LT_50" x="150" y="0"/>
	</image>
	<image id="Neptune Complex Const 04" width="418" height="229" isometric="true">
		<layer group="this" image="GT_Cons_Base_r" x="0" y="10"/>
		<layer src="Neptune_GT_Construction_Shadow_02" x="284" y="57"/>
		<layer group="this" image="Neptune_LT_75" x="150" y="0"/>
	</image>
	<image id="Neptune Complex Const 05" width="418" height="229" isometric="true">
		<layer group="this" image="GT_Cons_Base_r" x="0" y="10"/>
		<layer src="Neptune_GT_Construction_Shadow_02" x="284" y="57"/>
		<layer group="this" image="Neptune LTemple Off" x="150" y="0"/>
	</image>
	<!-- Note: Neptune Complex ON/OFF States -->
	<image id="Neptune Complex Off" width="418" height="231" isometric="true">
		<layer src="Neptune_Temple_Complex_Base_Layer"/>
		<layer group="this" image="Neptune LTemple Off" x="150" y="2"/>
		<layer src="Ceres_Temple_Complex_Top_Layer" x="189" y="84" invert="horizontal"/>
	</image>
	<image id="Neptune Complex On" width="418" height="231" isometric="true">
		<layer src="Neptune_Temple_Complex_Base_Layer"/>
		<layer group="72" image="1" x="150" y="2"/>
		<layer src="Mercury_Temple_Complex_On_Layer" x="135" y="117"/>
		<layer src="Neptune_Temple_Complex_On_Layer" x="135" y="117"/>
		<layer src="Ceres_Temple_Complex_Top_Layer" x="189" y="84" invert="horizontal"/>
	</image>
	<!-- Note: Neptune Complex Module Animation Reference Assets (DO NOT USE!!) -->
	<image id="Neptune_Temple_Complex_Module2_01" width="125" height="80">
		<layer src="Neptune_Temple_Complex_Module2_Base" x="0" y="0"/>
		<layer src="Neptune_Temple_Complex_Module2_01" x="57" y="13"/>
	</image>
	<image id="Neptune_Temple_Complex_Module2_02" width="125" height="80">
		<layer src="Neptune_Temple_Complex_Module2_Base" x="0" y="0"/>
		<layer src="Neptune_Temple_Complex_Module2_02" x="57" y="13"/>
	</image>
	<image id="Neptune_Temple_Complex_Module2_03" width="125" height="80">
		<layer src="Neptune_Temple_Complex_Module2_Base" x="0" y="0"/>
		<layer src="Neptune_Temple_Complex_Module2_03" x="57" y="13"/>
	</image>
	<!-- Note: Neptune Complex Module Animation (Chariot Walkers) -->
	<image id="Neptune Complex Module" width="418" height="231" isometric="true">
		<layer group="this" image="Neptune Complex On"/>
		<animation speed="6" x="102" y="98" reversible="true">
			<frame group="this" image="Neptune_Temple_Complex_Module2_01"/>
			<frame group="this" image="Neptune_Temple_Complex_Module2_02"/>
			<frame group="this" image="Neptune_Temple_Complex_Module2_03"/>
		</animation>
	</image>
	<!-- Note: Neptune Complex Module2 Animation ON (Fountain ON)(USE THIS ONE!!) -->
	<image id="Neptune Complex Module2" width="418" height="231" isometric="true">
		<layer group="this" image="Neptune Complex On"/>
		<animation speed="5" x="143" y="57" reversible="false">
			<frame group="206" image="0"/>
			<frame group="206" image="1"/>
			<frame group="206" image="2"/>
			<frame group="206" image="3"/>
			<frame group="206" image="4"/>
			<frame group="206" image="5"/>
			<frame group="206" image="6"/>
			<frame group="206" image="7"/>
			<frame group="206" image="8"/>
			<frame group="206" image="9"/>
			<frame group="206" image="10"/>
			<frame group="206" image="11"/>
			<frame group="206" image="12"/>
			<frame group="206" image="13"/>
			<frame group="206" image="14"/>
			<frame group="206" image="15"/>
			<frame group="206" image="16"/>
			<frame group="206" image="17"/>
		</animation>
	</image>
	<!-- Note: Neptune Complex Module2 Extra Animation (Fountain ON)(USE THIS ONE!!) -->
	<image id="Neptune Module 2 Fountain">
		<layer src="Neptune_Temple_Complex_Module_OFF"/>
		<layer src="Neptune_Temple_Complex_Module_01" x="39" y="47"/>
	</image>
	<image>
		<layer src="Neptune_Temple_Complex_Module_OFF"/>
		<layer src="Neptune_Temple_Complex_Module_01" x="39" y="47"/>
		<layer src="Neptune_Temple_Complex_Module_02" x="50" y="47"/>
	</image>
	<image>
		<layer src="Neptune_Temple_Complex_Module_OFF"/>
		<layer src="Neptune_Temple_Complex_Module_01" x="39" y="47"/>
		<layer src="Neptune_Temple_Complex_Module_03" x="50" y="47"/>
	</image>
	<image>
		<layer src="Neptune_Temple_Complex_Module_OFF"/>
		<layer src="Neptune_Temple_Complex_Module_01" x="39" y="47"/>
		<layer src="Neptune_Temple_Complex_Module_04" x="50" y="47"/>
	</image>
	<image>
		<layer src="Neptune_Temple_Complex_Module_OFF"/>
		<layer src="Neptune_Temple_Complex_Module_01" x="39" y="47"/>
		<layer src="Neptune_Temple_Complex_Module_05" x="50" y="47"/>
	</image>
	<!-- Note: Neptune Complex Module2 Animation OFF (Fountain OFF) -->
	<image id="Neptune Complex Off" width="418" height="231" isometric="true">
		<layer group="this" image="Neptune Complex Off" x="0" y="0"/>
		<layer src="Neptune_Temple_Complex_Module_OFF" x="98" y="27"/>
	</image>
	<!-- Note: Pantheon Reference Assets DO NOT USE -->
	<image id="Pantheon_Const_00" isometric="true">
		<layer group="this" image="const_base_3x3" x="0" y="0"/>
		<layer src="Pantheon_Construction_01" x="0" y="0"/>
	</image>
	<!-- Note: Pantheon Construction 01-05 are the 0%, 25%, 50%, 75% and 100% construction phases respectively -->
	<image id="Pantheon Const 01" width="418" height="231" isometric="true">
		<layer group="this" image="GT_Cons_Base_r" x="0" y="12"/>
		<layer group="this" image="Pantheon_Const_00" x="150" y="57"/>
	</image>
	<image id="Pantheon Const 02" width="418" height="231" isometric="true">
		<layer group="this" image="GT_Cons_Base_r" x="0" y="12"/>
		<layer src="Pantheon_Construction_Shadow_01" x="309" y="71"/>
		<layer src="Pantheon_Construction_Base" x="150" y="55"/>
		<layer src="Pantheon_Construction_02" x="178" y="53"/>
	</image>
	<image id="Pantheon Const 03" width="418" height="231" isometric="true">
		<layer group="this" image="GT_Cons_Base_r" x="0" y="12"/>
		<layer src="Pantheon_Construction_Shadow_01" x="309" y="71"/>
		<layer src="Pantheon_Construction_Base" x="150" y="55"/>
		<layer src="Pantheon_Construction_03" x="169" y="27"/>
	</image>
	<image id="Pantheon Const 04" width="418" height="231" isometric="true">
		<layer group="this" image="GT_Cons_Base_r" x="0" y="12"/>
		<layer src="Pantheon_Construction_Shadow_01" x="309" y="71"/>
		<layer src="Pantheon_Construction_Base" x="150" y="55"/>
		<layer src="Pantheon_Construction_04" x="172" y="14"/>
	</image>
	<image id="Pantheon Const 05" width="418" height="231" isometric="true">
		<layer group="this" image="GT_Cons_Base_r" x="0" y="12"/>
		<layer src="Pantheon_Construction_Shadow_01" x="309" y="71"/>
		<layer src="Pantheon_Construction_05" x="150" y="14"/>
	</image>
	<!-- Note: Pantheon Complex ON/OFF States -->
	<image id="Pantheon Off" width="418" height="231" isometric="true">
		<layer src="Pantheon_Temple_Complex_Off" x="0" y="0"/>
		<layer src="Pantheon_Construction_05" x="150" y="14"/>
		<layer src="Mercury_Temple_Complex_Top_Layer" x="201" y="79"/>
	</image>
	<image id="Pantheon On" width="418" height="231" isometric="true">
		<layer group="this" image="Pantheon Off" x="0" y="0"/>
		<layer src="Mercury_Temple_Complex_On_Layer" x="138" y="120"/>
		<layer src="Pantheon_Temple_Complex_On" x="138" y="120"/>
	</image>
	<!-- Note: Pantheon Complex Module Animation Reference Assets (DO NOT USE!!) -->
	<image id="Pantheon_Temple_Complex_Module_01" width="118" height="123">
		<layer src="Pantheon_Temple_Complex_Module_Base" x="0" y="0"/>
		<layer src="Pantheon_Temple_Complex_Module_01" x="30" y="57"/>
		<layer src="Pantheon_Temple_Complex_Module_01" x="71" y="77"/>
	</image>
	<image id="Pantheon_Temple_Complex_Module_02" width="118" height="123">
		<layer src="Pantheon_Temple_Complex_Module_Base" x="0" y="0"/>
		<layer src="Pantheon_Temple_Complex_Module_02" x="30" y="57"/>
		<layer src="Pantheon_Temple_Complex_Module_02" x="71" y="77"/>
	</image>
	<image id="Pantheon_Temple_Complex_Module_03" width="118" height="123">
		<layer src="Pantheon_Temple_Complex_Module_Base" x="0" y="0"/>
		<layer src="Pantheon_Temple_Complex_Module_03" x="30" y="57"/>
		<layer src="Pantheon_Temple_Complex_Module_03" x="71" y="77"/>
	</image>
	<!-- Note: Pantheon Complex Module Animation (Bonus destination walkers) -->
	<image id="Pantheon Module" width="418" height="231" isometric="true">
		<layer group="this" image="Pantheon Off"/>
		<animation speed="5" x="105" y="53" reversible="true">
			<frame group="this" image="Pantheon_Temple_Complex_Module_01"/>
			<frame group="this" image="Pantheon_Temple_Complex_Module_02"/>
			<frame group="this" image="Pantheon_Temple_Complex_Module_03"/>
		</animation>
	</image>
	<!-- Note: Pantheon Complex Module2 Animation Reference Assets (DO NOT USE!!) -->
	<image id="Pantheon_Temple_Complex_Module2_01" width="145" height="72">
		<layer src="Pantheon_Temple_Complex_Module2_Base" x="0" y="0"/>
		<layer src="Pantheon_Temple_Complex_Module_01" x="64" y="17"/>
	</image>
	<image id="Pantheon_Temple_Complex_Module2_02" width="145" height="72">
		<layer src="Pantheon_Temple_Complex_Module2_Base" x="0" y="0"/>
		<layer src="Pantheon_Temple_Complex_Module_02" x="64" y="17"/>
	</image>
	<image id="Pantheon_Temple_Complex_Module2_03" width="145" height="72">
		<layer src="Pantheon_Temple_Complex_Module2_Base" x="0" y="0"/>
		<layer src="Pantheon_Temple_Complex_Module_03" x="64" y="17"/>
	</image>
	<!-- Note: Pantheon Complex Module2 Animation (Oracles spawn walkers) -->
	<image id="Pantheon Module2" width="418" height="231" isometric="true">
		<layer group="this" image="Pantheon Off"/>
		<animation speed="5" x="86" y="104" reversible="true">
			<frame group="this" image="Pantheon_Temple_Complex_Module2_01"/>
			<frame group="this" image="Pantheon_Temple_Complex_Module2_02"/>
			<frame group="this" image="Pantheon_Temple_Complex_Module2_03"/>
		</animation>
	</image>
	<!-- Note: Venus Complex Reference Assets DO NOT USE -->
	<image id="Venus_LT_0" isometric="true">
		<layer group="this" image="const_base_3x3" x="0" y="0"/>
		<layer src="Venus_Temple_Construction_01" x="0" y="0"/>
	</image>
	<image id="Venus_LT_25" width="178" height="142">
		<layer group="75" image="1" part="footprint" x="0" y="0"/>
		<layer src="Venus_Temple_Construction_02" x="0" y="34"/>
	</image>
	<image id="Venus_LT_50" width="178" height="142">
		<layer group="75" image="1" part="footprint" x="0" y="0"/>
		<layer src="Venus_Temple_Construction_03" x="0" y="20"/>
	</image>
	<image id="Venus_LT_75" width="178" height="142">
		<layer group="75" image="1" part="footprint" x="0" y="0"/>
		<layer src="Venus_Temple_Construction_04" x="0" y="0"/>
	</image>
	<!-- Note: Venus Complex Construction 01-05 are the 0%, 25%, 50%, 75% and 100% construction phases respectively -->
	<image id="Venus Complex Const 01" width="418" height="219" isometric="true">
		<layer src="Grand_Temple_Construction_Base_01" x="0" y="0"/>
		<layer group="this" image="Venus_LT_0" x="90" y="45"/>
	</image>
	<image id="Venus Complex Const 02" width="418" height="219" isometric="true">
		<layer src="Grand_Temple_Construction_Base_01" x="0" y="0"/>
		<layer src="Venus_GT_Construction_Shadow_01" x="172" y="28"/>
		<layer group="this" image="Venus_LT_25" x="90" y="2"/>
	</image>
	<image id="Venus Complex Const 03" width="418" height="219" isometric="true">
		<layer src="Grand_Temple_Construction_Base_01" x="0" y="0"/>
		<layer src="Venus_GT_Construction_Shadow_01" x="172" y="28"/>
		<layer group="this" image="Venus_LT_50" x="90" y="2"/>
	</image>
	<image id="Venus Complex Const 04" width="418" height="219" isometric="true">
		<layer src="Grand_Temple_Construction_Base_01" x="0" y="0"/>
		<layer src="Venus_GT_Construction_Shadow_02" x="172" y="28"/>
		<layer group="this" image="Venus_LT_75" x="90" y="2"/>
	</image>
	<image id="Venus Complex Const 05" width="418" height="219" isometric="true">
		<layer src="Grand_Temple_Construction_Base_01" x="0" y="0"/>
		<layer src="Venus_GT_Construction_Shadow_02" x="172" y="28"/>
		<layer group="75" image="1" x="90" y="2"/>
	</image>
	<!-- Note: Venus Complex ON/OFF States -->
	<image id="Venus Complex Off" width="418" height="231" isometric="true">
		<layer src="Venus_Temple_Complex_Base_Layer"/>
		<layer group="75" image="1" x="90" y="14"/>
		<layer src="Mercury_Temple_Complex_Top_Layer" x="71" y="79" invert="horizontal"/>
	</image>
	<image id="Venus Complex On" width="418" height="231" isometric="true">
		<layer group="this" image="Venus Complex Off"/>
		<layer src="Venus_Temple_Complex_On_Layer" x="198" y="121"/>
	</image>
	<!-- Note: Venus Complex Module Animation (Priests bless schools, baths & hospitals) -->
	<image id="Venus Complex Module" width="418" height="231" isometric="true">
		<layer group="this" image="Venus Complex Off"/>
		<layer src="Venus_Temple_Complex_Module_Layer" x="185" y="92"/>
		<animation speed="8" x="225" y="114" reversible="false">
			<frame group="105"/>
			<frame group="105" image="1"/>
			<frame group="105" image="10"/>
			<frame group="105" image="11"/>
			<frame group="105" image="19"/>
			<frame group="105" image="20"/>
			<frame group="105" image="28"/>
			<frame group="105" image="29"/>
			<frame group="105" image="37"/>
			<frame group="105" image="38"/>
			<frame group="105" image="46"/>
			<frame group="105" image="47"/>
			<frame group="105" image="55"/>
			<frame group="105" image="64"/>
			<frame group="105" image="65"/>
		</animation>
	</image>
	<!-- Note: Venus Complex Module2 Animation Reference Assets (DO NOT USE!!) -->
	<image id="Venus_Temple_Complex_Module2_01" width="150" height="95">
		<layer src="Venus_Temple_Complex_Module2_Base" x="0" y="0"/>
		<layer src="Venus_Temple_Complex_Module2_01" x="54" y="22"/>
	</image>
	<image id="Venus_Temple_Complex_Module2_02" width="150" height="95">
		<layer src="Venus_Temple_Complex_Module2_Base" x="0" y="0"/>
		<layer src="Venus_Temple_Complex_Module2_02" x="54" y="22"/>
	</image>
	<image id="Venus_Temple_Complex_Module2_03" width="150" height="95">
		<layer src="Venus_Temple_Complex_Module2_Base" x="0" y="0"/>
		<layer src="Venus_Temple_Complex_Module2_03" x="54" y="22"/>
	</image>
	<!-- Note: Venus Complex Module2 Animation (Priests buff desirability & entertainment) -->
	<image id="Venus Complex Module2" width="418" height="231" isometric="true">
		<layer group="this" image="Venus Complex Off"/>
		<animation speed="6" x="184" y="92" reversible="true">
			<frame group="this" image="Venus_Temple_Complex_Module2_01"/>
			<frame group="this" image="Venus_Temple_Complex_Module2_02"/>
			<frame group="this" image="Venus_Temple_Complex_Module2_03"/>
		</animation>
	</image>
	<!-- Note: Large Temple and Oracle Construction 0% Phases -->
	<image id="Oracle Cons" src="Oracle_Construction_0%" isometric="true"/>
	<!-- Note: Lararium asset -->
	<image id="Lararium 01" src="Lararium" isometric="true"/>
	<!-- Note: Nymphaeum OFF asset -->
	<image id="Nymphaeum OFF" src="Nymphaeum_OFF" isometric="true"/>
	<!-- Note: Nymphaeum ON Animation -->
	<image id="Nymphaeum ON" width="178" height="158" isometric="true">
		<layer group="this" image="Nymphaeum OFF"/>
		<animation speed="5" x="84" y="96" reversible="false">
			<frame src="Nymphaeum_ON_01"/>
			<frame src="Nymphaeum_ON_02"/>
			<frame src="Nymphaeum_ON_03"/>
			<frame src="Nymphaeum_ON_04"/>
			<frame src="Nymphaeum_ON_05"/>
			<frame src="Nymphaeum_ON_06"/>
		</animation>
	</image>
	<!-- Note: Large Mausoleum Construction 0% Phase -->
	<image id="Mausoleum L Cons" isometric="true">
		<layer group="this" image="const_base_3x3" x="0" y="0"/>
		<layer src="Mausoleum_Large_Construction_01" x="0" y="0"/>
	</image>
	<!-- Note: Large Mausoleum asset -->
	<image id="Mausoleum L" src="Mausoleum_Large" isometric="true"/>
	<!-- Note: Small Mausoleum Construction 0% Phase -->
	<image id="Mausoleum S Cons" src="Mausoleum_Small_Construction_0%" isometric="true"/>
	<!-- Note: Small Mausoleum asset -->
	<image id="Mausoleum S" src="Mausoleum_Small" isometric="true"/>
	<!-- Note: Small Mausoleum asset (Rotation Variant) -->
	<image id="Mausoleum S R" isometric="true">
		<layer src="Mausoleum_Small" x="0" y="0" part="footprint"/>
		<layer src="Mausoleum_Small_R" x="0" y="0"/>
	</image>
	<!-- Note: Large Mausoleum variant asset with rotation -->
	<image id="Mausoleum_L_Alt" src="Mausoleum_Large_Alt" isometric="true"/>
	<image id="Mausoleum_L_Alt_R" isometric="true">
		<layer src="Mausoleum_Large_Alt" x="0" y="0"/>
		<layer src="Mausoleum_Large_Alt_R" x="31" y="87"/>
	</image>
</assetlist>